,Peptide,-10lgP,Mass,Length,ppm,m/z,RT,Area Sample 1,Fraction,Scan,Source File,#Feature,#Feature Sample 1,Accession,PTM,AScore,Found By
35,HVC(+57.02)DASQGLVC(+57.02)QPGAGPGGRGALC(+57.02)L,60.11,2536.1733,25,1.1,846.3993,30.81,43518000.0,182,F182:12963,pep11,10,10,sp|O76076|CCN5_HUMAN,Carbamidomethylation,C3:Carbamidomethylation:1000.00;C11:Carbamidomethylation:1000.00;C24:Carbamidomethylation:1000.00,PEAKS DB
104,DDILASPPRLPEPQPYPGAPHH,56.03,2403.197,22,-2.4,1202.6029,31.7,2082100000.0,182,F182:13435,pep11,41,41,sp|P39060|COIA1_HUMAN,,,PEAKS DB
108,FEDDGGPYGESEAPAPPGPGTRWPYRSRDT,55.87,3263.4543,30,3.4,816.8736,27.21,145370000.0,182,F182:11002,pep11,15,15,sp|Q8N2S1|LTBP4_HUMAN,,,PEAKS DB
129,GGEERVGEEDEEAAEAEAEAEEAERARQNA,55.12,3230.3831,30,5.7,808.6077,26.75,78820000.0,182,F182:10738,pep11,9,9,sp|O15240|VGF_HUMAN,,,PEAKS DB
141,ASHTSDSDVPSGVTEVVVK,54.73,1912.9377,19,4.8,638.6562,25.18,7598100.0,182,F182:9960,pep11,12,12,sp|P10909|CLUS_HUMAN,,,PEAKS DB
165,TGLSMDGGGSPKGDVDP,53.84,1588.7039,17,6.1,795.3641,23.47,701960000.0,182,F182:9037,pep11,5,5,sp|P54710|ATNG_HUMAN,,,PEAKS DB
222,YQKVVAGVANALAHKYH,52.55,1868.0056,17,4.5,623.6786,26.62,178220000.0,182,F182:10682,pep11,13,13,sp|P68871|HBB_HUMAN:sp|P02042|HBD_HUMAN,,,PEAKS DB
224,AIQDPRLFAEEKAVADTR,52.46,2029.0592,18,3.6,677.3628,28.17,25444000.0,182,F182:11525,pep11,12,12,sp|P01833|PIGR_HUMAN,,,PEAKS DB
238,TVVQPSVGAAAGPVVPPC(+57.02)PGRIRH,52.27,2421.3062,24,4.3,606.3364,25.51,136680000.0,182,F182:10105,pep11,18,18,sp|P02765|FETUA_HUMAN,Carbamidomethylation,C18:Carbamidomethylation:1000.00,PEAKS DB
278,AIPVAQDLNAPSDWDSRG,51.56,1910.9122,18,0.1,956.4634,32.17,5231500.0,182,F182:13783,pep11,3,3,sp|P10451|OSTP_HUMAN,,,PEAKS DB
302,EPC(+57.02)RIC(+57.02)VC(+57.02)DNGKVLC(+57.02)DDVIC(+57.02)DET,51.15,2826.175,23,1.7,943.0673,30.21,35964000.0,182,F182:12682,pep11,4,4,sp|P02452|CO1A1_HUMAN,Carbamidomethylation,C3:Carbamidomethylation:1000.00;C6:Carbamidomethylation:1000.00;C8:Carbamidomethylation:1000.00;C15:Carbamidomethylation:1000.00;C20:Carbamidomethylation:1000.00,PEAKS DB
329,GEMADC(+57.02)C(+57.02)AKQEPERNEC(+57.02)FLQHKDDNPNLPR,50.72,3657.5815,30,3.7,915.406,21.58,125960000.0,182,F182:8063,pep11,18,18,sp|P02768|ALBU_HUMAN,Carbamidomethylation,C6:Carbamidomethylation:1000.00;C7:Carbamidomethylation:1000.00;C17:Carbamidomethylation:1000.00,PEAKS DB
360,EAEDLQVGQVELGGGPGAGSLQPLALEGSLQ,50.32,3018.5144,31,-2.1,1007.1766,43.61,8752300000.0,182,F182:19907,pep11,30,30,sp|P01308|INS_HUMAN,,,PEAKS DB
370,DHDVGSELPPEGVL,50.13,1462.694,14,-1.4,732.3533,32.91,2736200000.0,182,F182:14372,pep11,20,20,sp|Q9UHG2|PCS1N_HUMAN,,,PEAKS DB
395,YQKVVAGVANALAHK,49.83,1567.8834,15,4.4,523.6374,25.53,268390.0,182,F182:10104,pep11,2,2,sp|P68871|HBB_HUMAN:sp|P02042|HBD_HUMAN,,,PEAKS DB
408,HLPAEFTPAVHASLDK,49.59,1731.8944,16,3.2,578.3073,27.21,18806000.0,182,F182:11016,pep11,5,5,sp|P69905|HBA_HUMAN,,,PEAKS DB
436,TPEEKSAVTALWGKVNVDEVGGEALGRL,49.3,2924.5242,28,2.1,975.8507,42.8,5358800.0,182,F182:19430,pep11,5,5,sp|P68871|HBB_HUMAN,,,PEAKS DB
519,SAPVVSIHPPQLTVQPGQL,48.26,1967.084,19,3.5,984.5527,39.65,126450000.0,182,F182:17553,pep11,15,15,sp|P98160|PGBM_HUMAN,,,PEAKS DB
542,MDGGGSPKGDVDPFYYDYETVRNGG,47.93,2695.1497,25,-1.5,899.3892,35.81,18587000.0,182,F182:15439,pep11,7,7,sp|P54710|ATNG_HUMAN,,,PEAKS DB
548,RVDPVNFKLLSH,47.88,1423.7936,12,4.2,475.6071,29.81,21615000.0,182,F182:12418,pep11,5,5,sp|P69905|HBA_HUMAN,,,PEAKS DB
594,LMPLSHLPLRDSPPLGR,47.29,1898.0559,17,0.3,475.5214,32.21,74961000.0,182,F182:13799,pep11,14,14,sp|Q8NBL3|T178A_HUMAN,,,PEAKS DB
621,TYFPHFDLSHGSAQVK,46.98,1832.8845,16,0.3,459.2285,30.94,29269000.0,182,F182:13045,pep11,4,4,sp|P69905|HBA_HUMAN,,,PEAKS DB
628,C(+57.02)EPC(+57.02)DEKALSM(+15.99)C(+57.02)PPSPLGC(+57.02)EL,46.9,2465.0042,21,0.0,1233.5094,32.21,31006000.0,182,F182:13826,pep11,9,9,sp|P24593|IBP5_HUMAN,Carbamidomethylation; Oxidation (M),C1:Carbamidomethylation:1000.00;C4:Carbamidomethylation:1000.00;M11:Oxidation (M):1000.00;C12:Carbamidomethylation:1000.00;C19:Carbamidomethylation:1000.00,PEAKS DB
690,EEEEDEQEASEEKASEEEKAWL,46.14,2623.0933,22,2.8,1312.5576,31.42,39519000.0,182,F182:13339,pep11,6,6,,,,PEAKS DB
734,VVDGENDDPRPPNPPKPMPNPNPNHPS,45.75,2927.3621,27,3.7,732.8505,20.84,78031000.0,182,F182:7748,pep11,10,10,sp|P14209|CD99_HUMAN,,,PEAKS DB
740,TSEVLNAAKVLLIETQR,45.7,1884.068,17,2.7,629.0316,42.4,591960.0,182,F182:19221,pep11,1,1,sp|O15393|TMPS2_HUMAN,,,PEAKS DB
746,TGLSMDGGGSPKGDVDPFYYDYETVRNGGL,45.66,3166.4189,30,-1.0,1056.4792,41.42,36280000.0,182,F182:18614,pep11,10,10,sp|P54710|ATNG_HUMAN,,,PEAKS DB
781,STYLDPALELGPRNVL,45.32,1756.9359,16,2.1,879.4771,42.57,9220800.0,182,F182:19246,pep11,6,6,sp|Q15904|VAS1_HUMAN,,,PEAKS DB
809,VGGTGMFTVRMA,44.92,1225.5947,12,0.9,613.8052,32.45,45032000.0,182,F182:13909,pep11,6,6,sp|P07911|UROM_HUMAN,,,PEAKS DB
833,SC(+57.02)VPRC(+57.02)FETVYDGYS,44.71,1838.7604,15,0.4,920.3878,31.36,5629800.0,182,F182:13307,pep11,5,5,sp|P0DP58|LYNX1_HUMAN,Carbamidomethylation,C2:Carbamidomethylation:1000.00;C6:Carbamidomethylation:1000.00,PEAKS DB
842,LSM(+15.99)DGGGSPKGDVDPFYYDYETVRNGGLI,44.6,3137.4287,29,-0.7,1046.8162,42.69,6529600.0,182,F182:19321,pep11,4,4,sp|P54710|ATNG_HUMAN,Oxidation (M),M3:Oxidation (M):1000.00,PEAKS DB
850,LVC(+57.02)QPGAGPGGRGALC(+57.02)L,44.55,1681.8392,17,2.1,841.9286,30.44,3891700.0,182,F182:12760,pep11,7,7,sp|O76076|CCN5_HUMAN,Carbamidomethylation,C3:Carbamidomethylation:1000.00;C16:Carbamidomethylation:1000.00,PEAKS DB
883,ETYGEM(+15.99)ADC(+57.02)C(+57.02)AKQEPERNEC(+57.02)FLQHKDDNPNLPR,44.27,4066.7302,33,-2.5,1356.5806,22.57,675100000.0,182,F182:8647,pep11,21,21,sp|P02768|ALBU_HUMAN,Oxidation (M); Carbamidomethylation,M6:Oxidation (M):1000.00;C9:Carbamidomethylation:1000.00;C10:Carbamidomethylation:1000.00;C20:Carbamidomethylation:1000.00,PEAKS DB
941,LLIPGLATAYIHR,43.82,1436.8503,13,2.4,479.9585,41.28,20556000.0,182,F182:18542,pep11,8,8,sp|O15239|NDUA1_HUMAN,,,PEAKS DB
1122,VGGTGMFTVRM,42.36,1154.5576,11,1.6,578.287,34.08,49074000.0,182,F182:14503,pep11,9,9,sp|P07911|UROM_HUMAN,,,PEAKS DB
1133,YYDYETVRNGGLI,42.28,1561.7412,13,-0.7,781.8773,32.21,257580.0,182,F182:13813,pep11,1,1,sp|P54710|ATNG_HUMAN,,,PEAKS DB
1137,EGVQKEDIPPADLSDQVPDTESETRIL,42.25,2980.4512,27,1.4,994.4924,33.46,210680000.0,182,F182:14353,pep11,23,23,sp|P01024|CO3_HUMAN,,,PEAKS DB
1165,RVDPVNFKLLSHC(+57.02)LL,42.04,1809.9923,15,2.2,604.3394,41.73,1681900.0,182,F182:18828,pep11,1,1,sp|P69905|HBA_HUMAN,Carbamidomethylation,C13:Carbamidomethylation:1000.00,PEAKS DB
1226,AHLPAEFTPAVH,41.54,1288.6564,12,3.0,430.5607,26.85,25312000.0,182,F182:10778,pep11,4,4,sp|P69905|HBA_HUMAN,,,PEAKS DB
1265,ETYGEM(+15.99)ADC(+57.02)C(+57.02)AKQEPERNEC(+57.02)FLQ,41.31,2880.146,23,2.3,961.0581,24.99,549420000.0,182,F182:9770,pep11,13,13,sp|P02768|ALBU_HUMAN,Oxidation (M); Carbamidomethylation,M6:Oxidation (M):1000.00;C9:Carbamidomethylation:1000.00;C10:Carbamidomethylation:1000.00;C20:Carbamidomethylation:1000.00,PEAKS DB
1281,AIQDPRLFAEEK,41.16,1415.7408,12,1.7,708.8789,26.37,64396000.0,182,F182:10576,pep11,11,11,sp|P01833|PIGR_HUMAN,,,PEAKS DB
1383,C(+57.02)C(+57.02)PVGC(+57.02)AKC(+57.02)AQGC(+57.02)IC(+57.02)K,40.43,1927.7654,16,-1.2,643.595,17.69,1334500.0,182,F182:6070,pep11,2,2,,Carbamidomethylation,C1:Carbamidomethylation:1000.00;C2:Carbamidomethylation:1000.00;C6:Carbamidomethylation:1000.00;C9:Carbamidomethylation:1000.00;C13:Carbamidomethylation:1000.00;C15:Carbamidomethylation:1000.00,PEAKS DB
1400,DDILASPPRLPEPQPYP,40.34,1903.9679,17,3.6,952.9912,37.73,23124000.0,181,F181:16806,pep11,8,8,sp|P39060|COIA1_HUMAN,,,PEAKS DB
1411,HVDDMPNALSALSDL,40.31,1596.7454,15,1.6,799.3812,45.88,3092800.0,182,F182:21195,pep11,1,1,sp|P69905|HBA_HUMAN,,,PEAKS DB
1419,LFAEEKAVADTRDQADGSRASVDSGSSEEQGGSSRALVST,40.24,4069.906,40,3.8,1018.4877,24.72,5663200.0,182,F182:9700,pep11,3,3,sp|P01833|PIGR_HUMAN,,,PEAKS DB
1420,VAHVDDMPNALSALSDL,40.23,1766.8508,17,1.0,884.4336,46.4,6644800.0,182,F182:21311,pep11,2,2,sp|P69905|HBA_HUMAN,,,PEAKS DB
1425,A(+42.01)QKEEAAVATEAASQNGEDLENLDDPEKL,40.2,3126.4475,29,-6.8,1043.1456,37.48,1518300.0,181,F181:16684,pep11,2,2,sp|Q9Y235|ABEC2_HUMAN,Acetylation (Protein N-term),A1:Acetylation (Protein N-term):1000.00,PEAKS DB
1561,KVHTEC(+57.02)C(+57.02)HGDLLEC(+57.02)ADDRADLA,39.41,2584.1104,22,1.6,647.0359,25.25,2370400.0,182,F182:9942,pep11,7,7,sp|P02768|ALBU_HUMAN,Carbamidomethylation,C6:Carbamidomethylation:1000.00;C7:Carbamidomethylation:1000.00;C14:Carbamidomethylation:1000.00,PEAKS DB
1598,VDPVNFKLLSH,39.07,1267.6924,11,-0.7,423.5711,32.17,7017300.0,182,F182:13764,pep11,3,3,sp|P69905|HBA_HUMAN,,,PEAKS DB
1621,VGGTGM(+15.99)FTVRMA,38.94,1241.5897,12,4.3,621.8048,28.31,137480.0,182,F182:11686,pep11,1,1,sp|P07911|UROM_HUMAN,Oxidation (M),M6:Oxidation (M):40.91,PEAKS DB
1706,PAAPVLPFGLTPKKL,38.46,1547.9438,15,3.7,516.9905,41.24,1281000.0,182,F182:18555,pep11,2,2,sp|O60610|DIAP1_HUMAN,,,PEAKS DB
1736,YGEMADC(+57.02)C(+57.02)AKQEPERNEC(+57.02)FLQHKDD,38.29,3129.2686,25,2.6,783.3265,21.27,9559700.0,182,F182:7859,pep11,5,5,sp|P02768|ALBU_HUMAN,Carbamidomethylation,C7:Carbamidomethylation:1000.00;C8:Carbamidomethylation:1000.00;C18:Carbamidomethylation:1000.00,PEAKS DB
1762,TSEVLNAAKVLL,38.06,1256.734,12,-0.8,629.3738,41.42,4033800.0,182,F182:18641,pep11,4,4,sp|O15393|TMPS2_HUMAN,,,PEAKS DB
1811,PGGASYSC(+57.02)C(+57.02)RP,37.81,1210.486,11,0.9,606.2508,15.23,57035000.0,182,F182:4869,pep11,12,12,sp|P28799|GRN_HUMAN,Carbamidomethylation,C8:Carbamidomethylation:1000.00;C9:Carbamidomethylation:1000.00,PEAKS DB
1818,AHVDDMPNALSALSDL,37.77,1667.7825,16,3.4,834.9014,45.94,2448100.0,182,F182:21109,pep11,2,2,sp|P69905|HBA_HUMAN,,,PEAKS DB
1834,ENDDPRPPNPPKPMPNPNPNHPSSSGS,37.67,2875.2942,27,-0.7,719.8303,19.22,131370000.0,182,F182:6916,pep11,5,5,sp|P14209|CD99_HUMAN,,,PEAKS DB
1849,LSFPTTKTYFPH,37.61,1437.7292,12,1.7,480.2512,31.96,3048000.0,182,F182:13648,pep11,2,2,sp|P69905|HBA_HUMAN,,,PEAKS DB
1943,DLGDVGPPIPSPGFSSFPGVDSSSSFSSSSR,37.11,3055.4045,31,4.3,1019.4762,42.03,1678300.0,181,F181:19175,pep11,2,2,sp|Q6UX06|OLFM4_HUMAN,,,PEAKS DB
1998,AGDDFDLGDAVVDGENDDPRPPNPPKPMPNPNPNHPS,36.84,3903.7393,37,3.7,976.9457,31.08,31602000.0,182,F182:13072,pep11,6,6,sp|P14209|CD99_HUMAN,,,PEAKS DB
2050,EEPPC(+57.02)NDPMVC(+57.02)RLPVSKKT,36.55,2256.0701,19,-1.4,565.024,23.56,482120.0,182,F182:9109,pep11,2,2,sp|Q9UBX1|CATF_HUMAN,Carbamidomethylation,C5:Carbamidomethylation:1000.00;C11:Carbamidomethylation:1000.00,PEAKS DB
2078,IPVKQADSGSSEEKQLYNKYPDAVATW,36.4,3023.4875,27,-0.7,756.8787,31.0,30920000.0,182,F182:13069,pep11,3,3,sp|P10451|OSTP_HUMAN,,,PEAKS DB
2154,KRPPGFSPF,35.86,1031.5552,9,3.9,516.7869,28.17,5070200.0,182,F182:11522,pep11,8,8,sp|P01042|KNG1_HUMAN,,,PEAKS DB
2169,EWGC(+57.02)C(+57.02)PIPEAVC(+57.02)C(+57.02)SDHQHC(+57.02)C(+57.02)PQGYTC(+57.02)VAEGQC(+57.02)QR,35.77,4195.604,34,5.2,1049.9137,28.31,17901000.0,182,F182:11558,pep11,4,4,sp|P28799|GRN_HUMAN,Carbamidomethylation,C4:Carbamidomethylation:1000.00;C5:Carbamidomethylation:1000.00;C12:Carbamidomethylation:1000.00;C13:Carbamidomethylation:1000.00;C19:Carbamidomethylation:1000.00;C20:Carbamidomethylation:1000.00;C26:Carbamidomethylation:1000.00;C32:Carbamidomethylation:1000.00,PEAKS DB
2276,EAEDLQVGQVELGGGPGAGSLQ,35.3,2110.0178,22,-0.1,1056.0161,35.25,757810000.0,180,F180:15042,pep11,14,14,sp|P01308|INS_HUMAN,,,PEAKS DB
2286,ISVPGPMGPSGPRG,35.26,1307.6655,14,0.4,654.8403,26.28,6659900.0,182,F182:10538,pep11,7,7,sp|P02452|CO1A1_HUMAN,,,PEAKS DB
2368,LVVYPWTQR,34.89,1160.6342,9,1.0,581.325,32.5,63487000.0,182,F182:13922,pep11,4,4,sp|P68871|HBB_HUMAN:sp|P02042|HBD_HUMAN,,,PEAKS DB
2370,VAPLLATVTILDDDH,34.88,1591.8457,15,3.1,796.9297,46.71,2082900.0,181,F181:21608,pep11,4,4,,,,PEAKS DB
2408,KDVLETFTVK,34.7,1178.6547,10,4.3,590.3372,30.14,383150.0,182,F182:12651,pep11,2,2,,,,PEAKS DB
2427,ADASEAHESSSRGEAGAPGEEDIQGPTKA,34.58,2853.2649,29,1.7,714.3247,17.65,6133600.0,182,F182:6028,pep11,3,3,sp|P05060|SCG1_HUMAN,,,PEAKS DB
2511,A(+42.01)QKEEAAVATEAASQNGEDLENLDDPEK,34.12,3013.3635,28,2.1,1005.4603,34.22,0.0,181,F181:14801,pep11,0,0,sp|Q9Y235|ABEC2_HUMAN,Acetylation (Protein N-term),A1:Acetylation (Protein N-term):1000.00,PEAKS DB
2528,AAHLPAEFTPAVHA,34.03,1430.7306,14,5.3,477.92,29.12,62000000.0,182,F182:12032,pep11,4,4,sp|P69905|HBA_HUMAN,,,PEAKS DB
2598,LPDVELPTNKDVC(+57.02)DPGNTKVM,33.64,2341.1294,21,-0.8,781.3831,31.55,5389700.0,182,F182:13378,pep11,5,5,sp|P02774|VTDB_HUMAN,Carbamidomethylation,C13:Carbamidomethylation:1000.00,PEAKS DB
2616,TC(+57.02)DTQKGTC(+57.02)EQ,33.51,1326.5181,11,1.5,664.2673,8.39,912630.0,182,F182:1857,pep11,1,1,sp|P28799|GRN_HUMAN,Carbamidomethylation,C2:Carbamidomethylation:1000.00;C9:Carbamidomethylation:1000.00,PEAKS DB
2691,LASVSTVLTSKY,33.0,1267.7024,12,-1.1,634.8578,32.13,6316900.0,182,F182:13700,pep11,3,3,sp|P69905|HBA_HUMAN,,,PEAKS DB
2746,DIIHPTQDFGGLDVLT,32.78,1739.8729,16,0.7,870.9443,42.69,599040.0,182,F182:19338,pep11,1,1,,,,PEAKS DB
2757,M(+42.01)ESGLLRPAPVSE,32.71,1426.7125,13,-1.0,714.3628,37.51,14275000.0,180,F180:16193,pep11,9,9,sp|Q9H228|S1PR5_HUMAN,Acetylation (Protein N-term),M1:Acetylation (Protein N-term):1000.00,PEAKS DB
2815,LIPWVQKPIIFD,32.44,1467.8489,12,1.5,734.9328,46.67,807950.0,182,F182:21487,pep11,1,1,sp|P35232|PHB_HUMAN,,,PEAKS DB
2822,HSARPGAPPPQPLDL,32.42,1551.8157,15,1.8,518.2801,27.55,7679400.0,182,F182:11150,pep11,7,7,sp|P98160|PGBM_HUMAN,,,PEAKS DB
2993,FGGLGGGSVRF,31.64,1052.5403,11,-0.4,527.2772,32.31,825070.0,182,F182:13895,pep11,1,1,sp|P08727|K1C19_HUMAN,,,PEAKS DB
3000,HDGHDDDVIDIEDDLDDVIEE,31.6,2421.9932,21,5.0,808.3423,45.51,4281100.0,182,F182:20867,pep11,3,3,sp|P27824|CALX_HUMAN,,,PEAKS DB
3006,WGKVNVDEVGGEAL,31.58,1471.7307,14,0.0,736.8726,31.98,5325600.0,182,F182:13627,pep11,3,3,sp|P68871|HBB_HUMAN,,,PEAKS DB
3007,GPGLAPPPLRLP,31.57,1183.7076,12,3.5,592.8632,39.21,284030000.0,182,F182:17685,pep11,11,11,sp|P09758|TACD2_HUMAN,,,PEAKS DB
3045,S(+42.01)ADGAEADGSTQVTVEEPVQQPSVVDRVA,31.41,2982.4053,29,-0.6,995.1418,31.81,28172000.0,180,F180:12998,pep11,11,11,sp|O60664|PLIN3_HUMAN,Acetylation (Protein N-term),S1:Acetylation (Protein N-term):1000.00,PEAKS DB
3120,LAHQIYQFTDKDKDNVAPR,31.07,2258.1443,19,1.1,565.5439,22.27,91142.0,182,F182:8452,pep11,1,1,sp|P35318|ADML_HUMAN,,,PEAKS DB
3132,GESEAPAPPGPGTRWPYRSRDT,31.04,2383.1304,22,2.2,596.7912,23.12,129020000.0,182,F182:8795,pep11,13,13,sp|Q8N2S1|LTBP4_HUMAN,,,PEAKS DB
3153,LPPLFLEPGDLR,30.93,1365.7656,12,0.2,683.8903,44.16,3787900.0,182,F182:20095,pep11,4,4,sp|P00403|COX2_HUMAN,,,PEAKS DB
3169,LDSTSAEDTSPALSSGSSKP,30.89,1935.8909,20,3.9,968.953,20.24,302840.0,181,F181:6708,pep11,1,1,sp|Q6UXG3|CLM9_HUMAN,,,PEAKS DB
3171,EWGC(+57.02)C(+57.02)PIPEAVC(+57.02)C(+57.02)SDHQHC(+57.02)C(+57.02)PQGYTC(+57.02)VAEGQC(+57.02)QRG,30.89,4252.6255,35,3.1,1064.167,28.43,25640000.0,182,F182:11540,pep11,4,4,sp|P28799|GRN_HUMAN,Carbamidomethylation,C4:Carbamidomethylation:1000.00;C5:Carbamidomethylation:1000.00;C12:Carbamidomethylation:1000.00;C13:Carbamidomethylation:1000.00;C19:Carbamidomethylation:1000.00;C20:Carbamidomethylation:1000.00;C26:Carbamidomethylation:1000.00;C32:Carbamidomethylation:1000.00,PEAKS DB
3184,IPVKQADSGSSEEKQLYNKYPDAVA,30.85,2736.3606,25,3.8,913.131,24.18,5077200.0,182,F182:9397,pep11,4,4,sp|P10451|OSTP_HUMAN,,,PEAKS DB
3201,DDC(+57.02)ELC(+57.02)VNVAC(+57.02)TGC(+57.02)L,30.78,1784.6838,15,0.3,893.3495,35.93,111420000.0,180,F180:15447,pep11,10,10,sp|Q16661|GUC2B_HUMAN,Carbamidomethylation,C3:Carbamidomethylation:1000.00;C6:Carbamidomethylation:1000.00;C11:Carbamidomethylation:1000.00;C14:Carbamidomethylation:1000.00,PEAKS DB
3204,PIPPPPPPPPGPPPPPTFH,30.77,1932.0297,19,2.0,645.0161,30.71,8556400.0,181,F181:12745,pep11,6,6,sp|Q8TF74|WIPF2_HUMAN,,,PEAKS DB
3240,LYYTEFTPTEKDEYAC(+57.02)R,30.55,2184.9673,17,4.0,729.3326,29.12,75603.0,182,F182:12085,pep11,2,2,sp|P61769|B2MG_HUMAN,Carbamidomethylation,C16:Carbamidomethylation:1000.00,PEAKS DB
3316,ATASRGASQAGAPQGRVPEARPNS,30.18,2335.1741,24,2.0,584.8019,14.38,1323100.0,182,F182:4467,pep11,2,2,sp|P06396|GELS_HUMAN,,,PEAKS DB
3326,S(+42.01)DAAVDTSSEITTKDLKEKKEVVEEAENGRD,30.11,3434.6536,31,2.3,859.6726,26.6,484260.0,182,F182:10698,pep11,1,1,sp|P06454|PTMA_HUMAN,Acetylation (Protein N-term),S1:Acetylation (Protein N-term):1000.00,PEAKS DB
3364,YPFKPPKVAF,29.92,1192.6644,10,-1.5,597.3386,32.23,807320.0,182,F182:13821,pep11,1,1,sp|P62837|UB2D2_HUMAN:sp|P61077|UB2D3_HUMAN,,,PEAKS DB
3380,HVDDMPNALSAL,29.83,1281.6023,12,2.0,641.8097,36.12,1825300.0,182,F182:15568,pep11,2,2,sp|P69905|HBA_HUMAN,,,PEAKS DB
3439,D(+42.01)DEETTALVC(+57.02)DNGSGLVK,29.57,1963.868,18,-0.3,982.941,32.64,1209100.0,180,F180:13450,pep11,1,1,sp|P68032|ACTC_HUMAN,Acetylation (Protein N-term); Carbamidomethylation,D1:Acetylation (Protein N-term):1000.00;C10:Carbamidomethylation:1000.00,PEAKS DB
3451,EAGENQKQPEKNAGPTARTSATVPVLC(+57.02),29.52,2852.4087,27,2.5,714.1112,23.54,82661000.0,182,F182:9073,pep11,8,8,,Carbamidomethylation,C27:Carbamidomethylation:1000.00,PEAKS DB
3498,GADGQPGAKGEPGDAGAKGDAGP(+13.98)PGPAGPAGPPGPIG,29.34,3115.4595,37,-5.5,1039.488,22.28,758310.0,182,F182:8497,pep11,1,1,sp|P02452|CO1A1_HUMAN,Proline oxidation to pyroglutamic acid,P23:Proline oxidation to pyroglutamic acid:0.00,PEAKS DB
3529,RLFPVPGSGLV,29.22,1140.6655,11,0.8,571.3405,41.09,26004000.0,182,F182:18452,pep11,7,7,sp|P13473|LAMP2_HUMAN,,,PEAKS DB
3589,AVTLSLLLGGR,28.92,1098.676,11,1.2,550.3459,43.32,1342400.0,182,F182:19714,pep11,2,2,sp|Q9NPE2|NGRN_HUMAN,,,PEAKS DB
3595,SILKSPGSVVFR,28.88,1288.7502,12,3.6,430.5922,29.31,155080.0,182,F182:12153,pep11,1,1,sp|O75787|RENR_HUMAN,,,PEAKS DB
3596,TGLSM(+15.99)DGGGSPKGDVDPFYYD,28.87,2192.9207,21,-0.7,1097.4668,32.17,1056500.0,182,F182:13787,pep11,1,1,sp|P54710|ATNG_HUMAN,Oxidation (M),M5:Oxidation (M):1000.00,PEAKS DB
3634,GMPGSPGGPGSDGKPGPPGSQGESGRP(+13.98)GPPGPSGP,28.71,3063.374,35,-6.9,766.8455,15.98,2225400.0,182,F182:5163,pep11,1,1,sp|P02461|CO3A1_HUMAN,Proline oxidation to pyroglutamic acid,P27:Proline oxidation to pyroglutamic acid:0.00,PEAKS DB
3643,FLTQVKESLSSY,28.67,1400.7188,12,1.0,701.3674,31.94,772710.0,182,F182:13639,pep11,1,1,sp|P02655|APOC2_HUMAN,,,PEAKS DB
3678,DTLDRLLEL,28.51,1086.592,9,-0.4,544.3031,44.86,4142900.0,182,F182:20549,pep11,3,3,sp|Q6EMK4|VASN_HUMAN,,,PEAKS DB
3705,PMPPPLPPPPPPPPPAH,28.42,1731.917,17,4.7,578.3136,30.54,3053800.0,181,F181:12469,pep11,2,2,sp|Q9UPS6|SET1B_HUMAN,,,PEAKS DB
3714,SEVPAIDLARVLDLGPITR,28.38,2034.1472,19,2.1,679.0577,48.68,1282300.0,182,F182:22528,pep11,1,1,sp|P55259|GP2_HUMAN,,,PEAKS DB
3719,S(+42.01)DNGELEDKPPAPPVRM(+15.99),28.35,1908.8887,17,3.6,955.4517,22.66,2012300.0,181,F181:8046,pep11,2,2,sp|Q13177|PAK2_HUMAN,Acetylation (Protein N-term); Oxidation (M),S1:Acetylation (Protein N-term):1000.00;M17:Oxidation (M):1000.00,PEAKS DB
3726,LLIPGLATAYIH,28.31,1280.7493,12,-2.3,641.3804,44.21,3297500.0,182,F182:20132,pep11,3,3,sp|O15239|NDUA1_HUMAN,,,PEAKS DB
3738,SSPGKPPRLVGGPMDASVEEEGVR,28.28,2450.2222,24,7.1,613.5671,26.01,1632900.0,182,F182:10419,pep11,3,3,sp|P01034|CYTC_HUMAN,,,PEAKS DB
3746,SAC(+57.02)PIFTKIQGT,28.26,1321.67,12,1.8,661.8435,30.12,195770.0,182,F182:12582,pep11,1,1,sp|P60022|DEFB1_HUMAN,Carbamidomethylation,C3:Carbamidomethylation:1000.00,PEAKS DB
3754,LIPGLATAYIH,28.23,1167.6652,11,0.6,584.8402,36.45,7113200.0,182,F182:15730,pep11,3,3,sp|O15239|NDUA1_HUMAN,,,PEAKS DB
3779,A(+42.01)ALMTPGTGAPPAPGDFSGEGSQGLPDPSPEPKQLPELIR,28.13,4023.9888,40,3.7,1007.0046,42.14,254740000.0,181,F181:19152,pep11,7,7,sp|P19971|TYPH_HUMAN,Acetylation (Protein N-term),A1:Acetylation (Protein N-term):1000.00,PEAKS DB
3784,LPAGWILSH,28.11,992.5443,9,-2.2,497.2783,35.5,19469000.0,182,F182:15223,pep11,5,5,,,,PEAKS DB
3844,INTQEYLDVLGRPMVL,27.83,1859.9814,16,-4.4,930.9939,47.64,1176600.0,182,F182:22065,pep11,4,4,sp|P54289|CA2D1_HUMAN,,,PEAKS DB
3904,GENDDPRPPNPPKPMPNPNPNHPSSSGSF,27.6,3079.3843,29,2.9,770.8556,23.12,3975400.0,182,F182:8773,pep11,3,3,sp|P14209|CD99_HUMAN,,,PEAKS DB
3928,LESPKALTPGLSWL,27.52,1510.8395,14,1.4,756.4281,46.11,2517900.0,182,F182:21167,pep11,2,2,sp|Q6P5W5|S39A4_HUMAN,,,PEAKS DB
3966,EEKAVADTRDQADGSRASVDSGSSEEQGGSSRALVSTLVPL,27.35,4161.0059,41,3.9,1388.0146,37.32,86627000.0,182,F182:16298,pep11,2,2,sp|P01833|PIGR_HUMAN,,,PEAKS DB
3987,C(+57.02)EGFVC(+57.02)AQTGRC(+57.02)VNRRLLC(+57.02)NGDNDC(+57.02)GDQSDEANC(+57.02)R,27.27,4162.6938,35,-2.7,1041.678,23.5,1447000.0,182,F182:9049,pep11,1,1,,Carbamidomethylation,C1:Carbamidomethylation:1000.00;C6:Carbamidomethylation:1000.00;C12:Carbamidomethylation:1000.00;C19:Carbamidomethylation:1000.00;C25:Carbamidomethylation:1000.00;C34:Carbamidomethylation:1000.00,PEAKS DB
3988,C(+57.02)PPC(+57.02)PAPPV,27.26,993.4412,9,4.5,497.7283,22.37,13392000.0,181,F181:8014,pep11,2,2,sp|P01859|IGHG2_HUMAN,Carbamidomethylation,C1:Carbamidomethylation:1000.00;C4:Carbamidomethylation:1000.00,PEAKS DB
3993,FTREPQDTYHYLPF,27.24,1812.847,14,0.6,605.29,39.87,780720.0,182,F182:17730,pep11,1,1,sp|P10909|CLUS_HUMAN,,,PEAKS DB
4001,VIDWEDWRPV,27.21,1313.6404,10,-0.9,657.8268,42.79,4184100.0,182,F182:19384,pep11,5,5,sp|Q12891|HYAL2_HUMAN,,,PEAKS DB
4007,APPPPAAPLPRWSGPIG,27.19,1679.9147,17,4.5,840.9684,36.23,5972300.0,182,F182:15674,pep11,3,3,sp|Q99523|SORT_HUMAN,,,PEAKS DB
4009,S(+42.01)DNGELEDKPPAPP,27.19,1506.6837,14,1.3,754.3501,24.57,11148000.0,180,F180:8863,pep11,4,4,sp|Q13177|PAK2_HUMAN,Acetylation (Protein N-term),S1:Acetylation (Protein N-term):1000.00,PEAKS DB
4017,YNKYPDAVATW,27.15,1326.6244,11,1.3,664.3203,30.86,0.0,182,F182:13031,pep11,0,0,sp|P10451|OSTP_HUMAN,,,PEAKS DB
4036,SEAAAVQPVIGISQRVR,27.08,1779.9955,17,4.3,594.3417,28.48,244700.0,182,F182:11719,pep11,1,1,sp|Q96FE7|P3IP1_HUMAN,,,PEAKS DB
4074,SARLPVLSPPRWP,26.93,1474.8408,13,0.9,492.6213,40.57,0.0,182,F182:18165,pep11,0,0,sp|Q99805|TM9S2_HUMAN,,,PEAKS DB
4114,PLFPHVL,26.76,821.4799,7,0.4,411.7474,38.92,112860000.0,182,F182:17182,pep11,10,10,,,,PEAKS DB
4118,STYLDPALELGPRNVLL,26.76,1870.02,17,2.5,936.0196,46.07,0.0,182,F182:21212,pep11,0,0,sp|Q15904|VAS1_HUMAN,,,PEAKS DB
4142,C(+57.02)VRGPDGVC(+57.02)L,26.68,1131.5165,10,0.8,566.766,27.66,13997000.0,182,F182:11251,pep11,3,3,sp|Q96AQ6|PBIP1_HUMAN,Carbamidomethylation,C1:Carbamidomethylation:1000.00;C9:Carbamidomethylation:1000.00,PEAKS DB
4170,DTSPSEETDQEVFLGPPEAQSFLSSHTRIP,26.58,3300.5422,30,-2.2,1101.1855,43.18,3877000.0,182,F182:19663,pep11,1,1,sp|O14669|TMG2_HUMAN,,,PEAKS DB
4215,DPTC(+57.02)EITQNTVC(+57.02)SP,26.36,1620.676,14,1.6,811.3466,24.7,9367900.0,180,F180:8864,pep11,3,3,sp|Q14956|GPNMB_HUMAN,Carbamidomethylation,C4:Carbamidomethylation:1000.00;C12:Carbamidomethylation:1000.00,PEAKS DB
4222,ETVRNGGLIFAGL,26.33,1345.7354,13,1.3,673.8759,43.01,7293400.0,182,F182:19503,pep11,3,3,sp|P54710|ATNG_HUMAN,,,PEAKS DB
4228,NC(+57.02)PRFQELESETL,26.3,1621.7406,13,2.5,811.8796,32.0,49187.0,182,F182:13680,pep11,1,1,sp|P15309|PPAP_HUMAN,Carbamidomethylation,C2:Carbamidomethylation:1000.00,PEAKS DB
4249,DDFDLGDAVVDGENDDPRPPNPP,26.22,2465.0618,23,9.7,1233.5457,35.68,0.0,181,F181:15650,pep11,0,0,sp|P14209|CD99_HUMAN,,,PEAKS DB
4270,SGEWGC(+57.02)C(+57.02)PIPEAVC(+57.02)C(+57.02)SDHQHC(+57.02)C(+57.02)PQGYTC(+57.02)VAEGQC(+57.02)QRG,26.16,4396.6787,37,7.8,1100.1855,28.43,643670.0,182,F182:11724,pep11,1,1,sp|P28799|GRN_HUMAN,Carbamidomethylation,C6:Carbamidomethylation:1000.00;C7:Carbamidomethylation:1000.00;C14:Carbamidomethylation:1000.00;C15:Carbamidomethylation:1000.00;C21:Carbamidomethylation:1000.00;C22:Carbamidomethylation:1000.00;C28:Carbamidomethylation:1000.00;C34:Carbamidomethylation:1000.00,PEAKS DB
4310,FRLFPVPGSGLV,26.0,1287.7339,12,3.7,644.8766,46.84,809370.0,182,F182:21606,pep11,1,1,sp|P13473|LAMP2_HUMAN,,,PEAKS DB
4352,FKMSPGF,25.85,812.389,7,0.3,407.2019,35.0,1376000.0,182,F182:14992,pep11,1,1,,,,PEAKS DB
4359,GAEALERMF,25.82,1022.4855,9,0.0,512.25,35.58,1412600.0,182,F182:15222,pep11,1,1,sp|P69905|HBA_HUMAN,,,PEAKS DB
4402,QGPPC(+57.02)SNGGLPGKPC(+57.02)PP,25.69,1718.7869,17,2.0,860.4025,24.89,20441000.0,180,F180:8819,pep11,3,3,sp|Q15517|CDSN_HUMAN,Carbamidomethylation,C5:Carbamidomethylation:1000.00;C15:Carbamidomethylation:1000.00,PEAKS DB
4430,GMPGLPGPKGDRGPAGVPGLLGDRGEPGEDGEPGEQGP,25.62,3605.7168,38,10.0,1202.9249,24.37,0.0,182,F182:9537,pep11,0,0,sp|P25067|CO8A2_HUMAN,,,PEAKS DB
4435,GVGAEILNVAKGIR,25.62,1395.8197,14,-2.6,466.2793,40.65,522470.0,182,F182:18250,pep11,1,1,sp|P39060|COIA1_HUMAN,,,PEAKS DB
4439,TDNIFVIEREGLL,25.6,1517.809,13,-1.5,759.9106,44.06,110910.0,182,F182:20123,pep11,1,1,sp|Q12864|CAD17_HUMAN,,,PEAKS DB
4448,A(+42.01)ALMTPGTGAPPAPGDFSGEGSQGLPDPSPEPKQLPELIRM(+15.99),25.56,4171.0239,41,4.3,1043.764,41.55,3302600.0,181,F181:18950,pep11,1,1,sp|P19971|TYPH_HUMAN,Acetylation (Protein N-term); Oxidation (M),A1:Acetylation (Protein N-term):1000.00;M41:Oxidation (M):109.00,PEAKS DB
4454,RVDPVNFKLLSHC(+57.02),25.55,1583.8242,13,2.9,528.9502,30.05,558440.0,182,F182:12605,pep11,1,1,sp|P69905|HBA_HUMAN,Carbamidomethylation,C13:Carbamidomethylation:1000.00,PEAKS DB
4457,SSQGGSLPSEEKGHPQEESEESNVSM(+15.99)ASLGE,25.54,3218.3792,31,-0.7,1073.7996,21.09,1230400.0,182,F182:7798,pep11,1,1,sp|P05060|SCG1_HUMAN,Oxidation (M),M26:Oxidation (M):1000.00,PEAKS DB
4537,EAEDLQVGQVEL,25.28,1328.646,12,0.3,665.3305,37.39,9757800.0,180,F180:16058,pep11,2,2,sp|P01308|INS_HUMAN,,,PEAKS DB
4539,AVAHVDDMPNALSALSDL,25.27,1837.8879,18,3.2,919.9542,46.54,1278400.0,182,F182:21406,pep11,1,1,sp|P69905|HBA_HUMAN,,,PEAKS DB
4585,PLGPYPPPYPPPAPGIPPVN,25.14,2036.077,20,-2.2,1019.0436,38.42,70963000.0,180,F180:16631,pep11,9,9,sp|Q9NZ81|PRR13_HUMAN,,,PEAKS DB
4588,AAGPSGC(+57.02)LVPAFGLRLL,25.13,1697.9286,17,-0.6,849.9711,50.06,245290.0,182,F182:23224,pep11,1,1,sp|O60613|SEP15_HUMAN,Carbamidomethylation,C7:Carbamidomethylation:1000.00,PEAKS DB
4596,GEM(+15.99)ADC(+57.02)C(+57.02)AKQEPERNEC(+57.02)FLQHKDDNPNLP,25.12,3517.4756,29,1.6,880.3776,23.63,4997000.0,182,F182:9076,pep11,1,1,sp|P02768|ALBU_HUMAN,Oxidation (M); Carbamidomethylation,M3:Oxidation (M):1000.00;C6:Carbamidomethylation:1000.00;C7:Carbamidomethylation:1000.00;C17:Carbamidomethylation:1000.00,PEAKS DB
4601,LREGETKAVKTVRTPGAAANLEL,25.1,2423.3496,23,1.7,606.8457,25.4,1598900.0,182,F182:10032,pep11,1,1,sp|P04217|A1BG_HUMAN,,,PEAKS DB
4610,FPPPPPPP,25.07,844.4482,8,2.7,423.231,25.94,90250000.0,181,F181:10340,pep11,7,7,,,,PEAKS DB
4673,VDPVNFKLLSHC(+57.02)LL,24.87,1653.8912,14,0.3,552.3045,43.61,2997000.0,182,F182:19842,pep11,1,1,sp|P69905|HBA_HUMAN,Carbamidomethylation,C12:Carbamidomethylation:1000.00,PEAKS DB
4692,LSLPRSEPGTVPFDRVLL,24.83,1995.1152,18,1.6,666.0468,42.67,286160.0,182,F182:19355,pep11,1,1,sp|Q9Y6C2|EMIL1_HUMAN,,,PEAKS DB
4699,LPPPPPPLPGLGC(+57.02)PPPPPPLLPGM(+15.99)GWGPP,24.82,2914.5276,29,-16.5,729.6245,32.42,0.0,181,F181:13757,pep11,0,0,,Carbamidomethylation; Oxidation (M),C13:Carbamidomethylation:1000.00;M24:Oxidation (M):1000.00,PEAKS DB
4715,ESIRETEVIDPQDLLEGRYF,24.77,2408.1858,20,1.6,803.7372,46.01,720150.0,182,F182:21111,pep11,1,1,sp|P31431|SDC4_HUMAN,,,PEAKS DB
4774,SHNSLLALEPGILDT,24.54,1578.8253,15,5.1,790.424,42.54,1425000.0,182,F182:19244,pep11,2,2,sp|Q6EMK4|VASN_HUMAN,,,PEAKS DB
4793,IFEVPWC(+57.02)FFPKS,24.46,1555.7533,12,-1.1,778.8831,50.8,309080.0,182,F182:23549,pep11,1,1,sp|Q03403|TFF2_HUMAN,Carbamidomethylation,C7:Carbamidomethylation:1000.00,PEAKS DB
4820,SGIPFPTPPPPPPPGE,24.38,1582.8031,16,0.0,792.4088,37.0,9134700.0,180,F180:15753,pep11,2,2,sp|Q5VT52|RPRD2_HUMAN,,,PEAKS DB
4822,YETVRNGGLIF,24.37,1267.656,11,3.0,634.8372,35.28,26315000.0,182,F182:14975,pep11,4,4,sp|P54710|ATNG_HUMAN,,,PEAKS DB
4849,RGPGPFSPPVRY,24.28,1328.6989,12,2.8,443.9081,27.4,1465800.0,182,F182:11134,pep11,5,5,sp|Q13332|PTPRS_HUMAN,,,PEAKS DB
4857,VELGGGPGAGSLQP,24.25,1237.6302,14,1.2,619.8231,29.66,42265000.0,180,F180:11873,pep11,2,2,sp|P01308|INS_HUMAN,,,PEAKS DB
4876,VPVWIIHY,24.21,1025.5698,8,3.9,513.7942,42.16,590910.0,182,F182:19062,pep11,1,1,sp|O95139|NDUB6_HUMAN,,,PEAKS DB
4905,VRNGGLIFAGL,24.12,1115.6451,11,0.6,558.8302,42.8,12963000.0,182,F182:19362,pep11,1,1,sp|P54710|ATNG_HUMAN,,,PEAKS DB
4921,AAHLPAEFTPAVHASLDKFLASVS,24.08,2478.2905,24,1.7,620.5809,46.07,12254000.0,182,F182:21086,pep11,2,2,sp|P69905|HBA_HUMAN,,,PEAKS DB
4939,PGMQGPEGPQGPPGQKGDTGEPGLP(+13.98)GTKGTRGPPGASGYPGNP,24.02,4049.8926,43,-9.8,1013.4705,15.0,1238900.0,182,F182:4813,pep11,2,2,sp|P02462|CO4A1_HUMAN,Proline oxidation to pyroglutamic acid,P25:Proline oxidation to pyroglutamic acid:0.00,PEAKS DB
4948,AHLPAEFTPAVHA,23.97,1359.6935,13,1.7,454.2392,28.4,167150.0,182,F182:11643,pep11,1,1,sp|P69905|HBA_HUMAN,,,PEAKS DB
5058,PMGPPGPPGPTGVPGSPGHIGPP(+13.98)GPTGP,23.63,2479.1953,28,-14.9,1240.5864,23.16,472460.0,182,F182:8999,pep11,1,1,sp|Q96A84|EMID1_HUMAN,Proline oxidation to pyroglutamic acid,P23:Proline oxidation to pyroglutamic acid:9.45,PEAKS DB
5105,DEAIHC(+57.02)PPC(+57.02)SEEKLARC(+57.02)RPPVGC(+57.02)EEL,23.49,3108.3884,26,2.6,778.1064,25.53,4098700.0,182,F182:10090,pep11,1,1,sp|P22692|IBP4_HUMAN,Carbamidomethylation,C6:Carbamidomethylation:1000.00;C9:Carbamidomethylation:1000.00;C17:Carbamidomethylation:1000.00;C23:Carbamidomethylation:1000.00,PEAKS DB
5122,DAVVDGENDDPRPPNPPKPMPNPNPNHPSSSGSF,23.44,3578.6121,34,0.7,895.6609,25.01,4660700.0,182,F182:9859,pep11,2,2,sp|P14209|CD99_HUMAN,,,PEAKS DB
5134,EEAPAQLLQLPQEVEP,23.42,1789.9097,16,5.6,895.9639,27.8,554970.0,181,F181:11044,pep11,1,1,,,,PEAKS DB
5137,VPVWIIH,23.41,862.5065,7,0.7,432.2608,35.97,14397000.0,182,F182:15382,pep11,3,3,sp|O95139|NDUB6_HUMAN,,,PEAKS DB
5158,TVRNGGLIFAGL,23.33,1216.6927,12,0.1,609.3537,42.81,8616800.0,182,F182:19380,pep11,1,1,sp|P54710|ATNG_HUMAN,,,PEAKS DB
5187,DAPPPPAAPLPRWSGPIGVS,23.24,1981.0421,20,5.3,991.53,38.59,2316300.0,181,F181:17272,pep11,1,1,sp|Q99523|SORT_HUMAN,,,PEAKS DB
5188,AKADTLTDEINFL,23.23,1449.7351,13,2.3,725.8765,42.41,0.0,182,F182:19224,pep11,0,0,sp|P02538|K2C6A_HUMAN,,,PEAKS DB
5214,DTDDVPVPAPAGDQ,23.15,1395.6154,14,2.3,698.8165,23.97,1638200.0,180,F180:8426,pep11,2,2,sp|Q02818|NUCB1_HUMAN,,,PEAKS DB
5234,PPPPLPPPPPP,23.11,1101.6222,11,8.2,551.8209,25.19,25231000.0,181,F181:9503,pep11,3,3,sp|O15054|KDM6B_HUMAN:sp|Q9Y6X0|SETBP_HUMAN:sp|A6NGB9|WIPF3_HUMAN:sp|Q9ULL5|PRR12_HUMAN,,,PEAKS DB
5261,LTGLGHRSDHYNC(+57.02)VSSGGQC(+57.02)L,23.02,2317.0327,21,4.2,580.2679,21.5,275940.0,182,F182:8076,pep11,2,2,sp|P60022|DEFB1_HUMAN,Carbamidomethylation,C13:Carbamidomethylation:1000.00;C20:Carbamidomethylation:1000.00,PEAKS DB
5281,DGTDFPQLC(+57.02)QLC(+57.02)PGC(+57.02)GC(+57.02),22.96,1983.7583,17,-0.7,992.8857,37.32,1202600.0,180,F180:16024,pep11,1,1,sp|P02787|TRFE_HUMAN,Carbamidomethylation,C9:Carbamidomethylation:1000.00;C12:Carbamidomethylation:1000.00;C15:Carbamidomethylation:1000.00;C17:Carbamidomethylation:1000.00,PEAKS DB
5283,PGMKGPSGVP(+13.98)GSAGP,22.96,1308.6132,15,18.1,655.3257,18.67,710760.0,182,F182:6614,pep11,1,1,sp|P29400|CO4A5_HUMAN,Proline oxidation to pyroglutamic acid,P10:Proline oxidation to pyroglutamic acid:25.70,PEAKS DB
5308,PGFLVRIL,22.89,913.5749,8,0.8,457.7951,44.74,1055500.0,182,F182:20499,pep11,1,1,sp|P16278|BGAL_HUMAN,,,PEAKS DB
5324,IPVKQADSGSSEEKQLYNKYPDAV,22.85,2665.3235,24,8.0,667.3435,24.57,282000.0,182,F182:9621,pep11,1,1,sp|P10451|OSTP_HUMAN,,,PEAKS DB
5351,M(+15.99)GNYM(+15.99)DRVPTPQAIRAAQGLL,22.75,2333.1621,21,-0.4,778.7277,38.96,2506300.0,182,F182:17150,pep11,1,1,sp|O75594|PGRP1_HUMAN,Oxidation (M),M1:Oxidation (M):1000.00;M5:Oxidation (M):1000.00,PEAKS DB
5373,LPGSAIQALVGLARPL,22.7,1574.9508,16,3.5,788.4855,51.45,265050.0,182,F182:23809,pep11,1,1,sp|Q8NC54|KCT2_HUMAN,,,PEAKS DB
5399,AVADTRDQADGSRASVDSGSSEEQGGSSRALVSTLVP,22.59,3661.7415,37,-0.3,916.4424,31.94,4446200.0,182,F182:13619,pep11,1,1,sp|P01833|PIGR_HUMAN,,,PEAKS DB
5446,ERLPEVEVPQHL,22.46,1444.7673,12,0.9,482.5968,30.74,152310.0,182,F182:12989,pep11,1,1,sp|Q02818|NUCB1_HUMAN,,,PEAKS DB
5455,RVDPVNFKL,22.45,1086.6185,9,0.0,544.3165,31.19,5431400.0,182,F182:13134,pep11,1,1,sp|P69905|HBA_HUMAN,,,PEAKS DB
5457,DGGGSPKGDVD,22.44,1002.4254,11,2.3,502.2211,9.36,74629.0,182,F182:2351,pep11,1,1,sp|P54710|ATNG_HUMAN,,,PEAKS DB
5459,PVASGEPPTVK,22.44,1080.5815,11,-6.7,541.2944,47.01,277950.0,182,F182:21681,pep11,1,1,,,,PEAKS DB
5463,TALQPMVSALNIRVGGTGM,22.43,1915.002,19,0.9,958.5092,42.56,0.0,182,F182:19313,pep11,0,0,sp|P07911|UROM_HUMAN,,,PEAKS DB
5507,NMVPFPRLH,22.31,1109.5804,9,-2.7,555.796,31.06,341500.0,182,F182:13125,pep11,1,1,sp|P07437|TBB5_HUMAN,,,PEAKS DB
5523,AAPGAPATSPFAAAAAAAALGGADASSPAGAGTPEAGATSLVPEGAARES,22.26,4289.0835,50,14.3,1073.2897,42.32,0.0,181,F181:19354,pep11,0,0,sp|O95206|PCDH8_HUMAN,,,PEAKS DB
5544,YPWTQRF,22.2,996.4818,7,-0.5,499.2479,32.19,24569000.0,182,F182:13802,pep11,2,2,sp|P68871|HBB_HUMAN:sp|P02042|HBD_HUMAN,,,PEAKS DB
5551,VVDGENDDPRPPNPPKPM(+15.99)PNPNPNHPS,22.18,2943.3569,27,2.0,736.848,18.13,817160.0,182,F182:6355,pep11,1,1,sp|P14209|CD99_HUMAN,Oxidation (M),M18:Oxidation (M):1000.00,PEAKS DB
5569,HLPAEFTPAVHASLDKFLA,22.14,2063.084,19,2.4,688.7036,41.09,682470.0,182,F182:18454,pep11,1,1,sp|P69905|HBA_HUMAN,,,PEAKS DB
5580,IVVEKKDPKKTC(+57.02)SVSEWI,22.11,2145.1504,18,5.6,537.2979,27.91,1487900.0,182,F182:11385,pep11,2,2,sp|P08118|MSMB_HUMAN,Carbamidomethylation,C12:Carbamidomethylation:1000.00,PEAKS DB
5587,GPQGARGLP(+13.98)GTAGLPGMKGHRGFSGLDGAKGDAGPAGP,22.1,3482.7224,38,1.5,1161.9124,32.48,0.0,181,F181:13789,pep11,0,0,sp|P02452|CO1A1_HUMAN,Proline oxidation to pyroglutamic acid,P9:Proline oxidation to pyroglutamic acid:0.00,PEAKS DB
5603,PAC(+57.02)RLGPLAAALL,22.06,1321.754,13,1.3,661.8851,44.68,7182300.0,182,F182:20330,pep11,1,1,sp|Q14508|WFDC2_HUMAN,Carbamidomethylation,C3:Carbamidomethylation:1000.00,PEAKS DB
5622,STPFP(+13.98)LLMGPPGPKGDC(+57.02)GLP(+13.98)GP,22.03,2219.0391,22,14.8,740.6953,20.53,57914000.0,181,F181:7122,pep11,1,1,sp|Q8IZC6|CORA1_HUMAN,Proline oxidation to pyroglutamic acid; Carbamidomethylation,P5:Proline oxidation to pyroglutamic acid:6.59;C17:Carbamidomethylation:1000.00;P20:Proline oxidation to pyroglutamic acid:2.37,PEAKS DB
5641,YETVRNGGLIFAGL,21.96,1508.7987,14,1.6,755.4078,43.88,2344300.0,182,F182:19952,pep11,1,1,sp|P54710|ATNG_HUMAN,,,PEAKS DB
5714,TVRNGGLIFAG,21.78,1103.6088,11,-0.7,552.8113,31.14,6881400.0,182,F182:13096,pep11,1,1,sp|P54710|ATNG_HUMAN,,,PEAKS DB
5723,GEMADC(+57.02)C(+57.02)AKQEPERNEC(+57.02)FLQHKDDNP,21.77,3177.3008,26,2.8,795.3347,19.87,1245200.0,182,F182:7211,pep11,1,1,sp|P02768|ALBU_HUMAN,Carbamidomethylation,C6:Carbamidomethylation:1000.00;C7:Carbamidomethylation:1000.00;C17:Carbamidomethylation:1000.00,PEAKS DB
5728,GMLPPPPPP,21.76,901.4731,9,0.0,451.7422,28.68,12378000.0,181,F181:12758,pep11,2,2,sp|Q9Y4D1|DAAM1_HUMAN,,,PEAKS DB
5737,AVAHVDDMPNALSAL,21.74,1522.745,15,1.3,762.3807,38.48,982680.0,182,F182:16992,pep11,1,1,sp|P69905|HBA_HUMAN,,,PEAKS DB
5740,PMGGRPFGL,21.73,930.4745,9,-1.2,466.244,32.29,1674000.0,182,F182:13864,pep11,1,1,,,,PEAKS DB
5743,AVLADIAPSTDDLASLSE,21.72,1786.8835,18,-0.9,894.4482,40.9,362570.0,180,F180:18094,pep11,1,1,sp|Q13361|MFAP5_HUMAN,,,PEAKS DB
5746,M(+42.01)ERPQPDSMPQDLSEALKEATKEVHTQAEN,21.71,3450.603,30,3.7,863.6613,42.56,293360.0,182,F182:19289,pep11,1,1,sp|P09601|HMOX1_HUMAN,Acetylation (Protein N-term),M1:Acetylation (Protein N-term):1000.00,PEAKS DB
5786,PGLTGPQGP,21.61,822.4235,9,17.0,412.2245,19.74,5141000.0,181,F181:6240,pep11,1,1,sp|Q9UMD9|COHA1_HUMAN,,,PEAKS DB
5808,ELGGGPGAGSLQPLA,21.59,1322.683,15,0.2,662.3489,33.48,8627600.0,180,F180:13805,pep11,1,1,sp|P01308|INS_HUMAN,,,PEAKS DB
5832,VDPENFRLLGNVL,21.54,1484.7987,13,3.8,743.4094,45.07,2432500.0,182,F182:20571,pep11,1,1,sp|P68871|HBB_HUMAN:sp|P02042|HBD_HUMAN,,,PEAKS DB
5873,GSSAPPPKAP(+13.98)APPP,21.44,1283.6509,14,15.7,642.8428,25.55,58963000.0,180,F180:9152,pep11,2,2,sp|Q9ULL5|PRR12_HUMAN,Proline oxidation to pyroglutamic acid,P10:Proline oxidation to pyroglutamic acid:8.22,PEAKS DB
5884,SQGAP(+13.98)GTPGPVGAPGDAGQRGDPGSRGPIGPPG,21.41,2934.3967,33,-17.1,979.1228,13.66,34728.0,182,F182:4163,pep11,1,1,sp|P05997|CO5A2_HUMAN,Proline oxidation to pyroglutamic acid,P5:Proline oxidation to pyroglutamic acid:0.00,PEAKS DB
5888,LVGEP(+13.98)GPAGSKGESGNKGEPGSAGPQGPPGP,21.4,2782.3157,31,12.6,696.595,16.09,3145500.0,182,F182:5270,pep11,1,1,sp|P08123|CO1A2_HUMAN,Proline oxidation to pyroglutamic acid,P5:Proline oxidation to pyroglutamic acid:8.22,PEAKS DB
5934,DLRGTLPHPLQ,21.3,1245.683,11,4.5,416.2368,28.31,114830.0,182,F182:11589,pep11,1,1,sp|P37088|SCNNA_HUMAN,,,PEAKS DB
5940,LPPPPPPPPPPP,21.29,1198.6749,12,3.4,600.3468,25.94,46797000.0,180,F180:9935,pep11,2,2,sp|O15054|KDM6B_HUMAN:sp|Q70E73|RAPH1_HUMAN:sp|Q9NP73|ALG13_HUMAN:sp|Q96T25|ZIC5_HUMAN:sp|Q7L0R7|RNF44_HUMAN:sp|C9JLR9|CK095_HUMAN,,,PEAKS DB
5943,DTSLGRWPWQVS,21.28,1430.6942,12,0.4,716.3547,42.69,2375600.0,182,F182:19267,pep11,1,1,sp|P05981|HEPS_HUMAN,,,PEAKS DB
5984,SDSDVPSGVTEVVVKLF,21.21,1776.9146,17,2.1,889.4633,49.72,352740.0,181,F181:23170,pep11,1,1,sp|P10909|CLUS_HUMAN,,,PEAKS DB
6037,PPPMPPPP,21.07,828.4203,8,2.6,415.217,21.73,285350.0,181,F181:7531,pep11,1,1,sp|P49750|YLPM1_HUMAN,,,PEAKS DB
6052,C(+57.02)ADPVTPPGEC(+57.02)C(+57.02)PVC(+57.02),21.02,1717.6569,15,2.7,859.838,23.77,573310.0,180,F180:8449,pep11,1,1,sp|P05997|CO5A2_HUMAN,Carbamidomethylation,C1:Carbamidomethylation:1000.00;C11:Carbamidomethylation:1000.00;C12:Carbamidomethylation:1000.00;C15:Carbamidomethylation:1000.00,PEAKS DB
6055,A(+42.01)EQEPTAEQLAQIAAENEEDEH,21.01,2493.0779,22,-4.4,1247.5408,36.38,180710.0,180,F180:15491,pep11,1,1,sp|P52565|GDIR1_HUMAN,Acetylation (Protein N-term),A1:Acetylation (Protein N-term):1000.00,PEAKS DB
6067,FPTPPPPPPP,20.96,1042.5487,10,0.7,522.282,28.9,10208000.0,180,F180:11783,pep11,2,2,sp|Q5VT52|RPRD2_HUMAN,,,PEAKS DB
6089,PGRDGSPGAKGDRGETGPAGP(+13.98)PGAPG,20.9,2328.0842,26,15.4,777.0446,20.39,1224400.0,181,F181:6771,pep11,1,1,sp|P02452|CO1A1_HUMAN,Proline oxidation to pyroglutamic acid,P21:Proline oxidation to pyroglutamic acid:0.00,PEAKS DB
6096,KTTPPVLDSDGSFFL,20.88,1622.8191,15,0.2,812.417,43.75,1403400.0,182,F182:19918,pep11,1,1,sp|P01857|IGHG1_HUMAN,,,PEAKS DB
6102,GPMGPPGNKGSMGSP(+13.98)GHQGPPGSPGIPG,20.87,2522.1431,28,2.0,1262.0813,20.44,235620.0,182,F182:7464,pep11,1,1,sp|Q14993|COJA1_HUMAN,Proline oxidation to pyroglutamic acid,P15:Proline oxidation to pyroglutamic acid:7.40,PEAKS DB
6110,GLQFPVGRIH,20.85,1122.6298,10,2.9,562.3238,30.12,102480.0,182,F182:12647,pep11,1,1,sp|Q96QV6|H2A1A_HUMAN,,,PEAKS DB
6161,IDTTDINLDEDILDD,20.76,1718.7734,15,-2.5,860.3918,40.5,1436600.0,180,F180:17845,pep11,1,1,,,,PEAKS DB
6168,DLPAEEPAPSTPPC(+57.02)L,20.75,1592.7391,15,0.5,797.3773,32.37,4202000.0,180,F180:13286,pep11,1,1,,Carbamidomethylation,C14:Carbamidomethylation:1000.00,PEAKS DB
6183,GSPGP(+13.98)AGPTGKQGDRGEAGAQGPM(+15.99)GPSGP,20.72,2604.1621,29,-12.1,869.0477,32.0,653260.0,181,F181:13476,pep11,1,1,sp|P02458|CO2A1_HUMAN,Proline oxidation to pyroglutamic acid; Oxidation (M),P5:Proline oxidation to pyroglutamic acid:0.00;M24:Oxidation (M):1000.00,PEAKS DB
6191,FRLFPVPGSGL,20.7,1188.6655,11,1.7,595.3411,45.32,691600.0,182,F182:20765,pep11,1,1,sp|P13473|LAMP2_HUMAN,,,PEAKS DB
6199,S(+42.01)DEREVAEAATGEDASSPPPKTEA,20.67,2485.1091,24,9.2,829.3817,23.96,58561.0,181,F181:8816,pep11,1,1,sp|Q99536|VAT1_HUMAN,Acetylation (Protein N-term),S1:Acetylation (Protein N-term):1000.00,PEAKS DB
6200,C(+57.02)DELADH,20.66,858.3177,7,-0.5,430.1659,12.42,238300.0,182,F182:3603,pep11,2,2,sp|P02818|OSTCN_HUMAN,Carbamidomethylation,C1:Carbamidomethylation:1000.00,PEAKS DB
6209,MGPQHQQLSPSAM(+15.99)WPQM(+15.99)HLPDGRAQP,20.65,2956.353,26,14.2,740.106,14.8,0.0,182,F182:4723,pep11,0,0,sp|Q96PN7|TREF1_HUMAN,Oxidation (M),M13:Oxidation (M):16.22;M17:Oxidation (M):13.91,PEAKS DB
6257,EGSSM(+15.99)LTVPGPPGPPGAM(+15.99)GPPGPPGAPGPAGP,20.55,2819.3257,32,10.9,1410.6804,30.37,0.0,181,F181:12558,pep11,0,0,sp|Q9UMD9|COHA1_HUMAN,Oxidation (M),M5:Oxidation (M):1000.00;M18:Oxidation (M):1000.00,PEAKS DB
6307,PGPPGPPGPGPGGVAPA,20.45,1377.704,17,3.5,689.8617,22.99,5422500.0,180,F180:7836,pep11,1,1,sp|Q86Z23|C1QL4_HUMAN,,,PEAKS DB
6347,PRLPLPYGF,20.38,1058.5913,9,1.0,530.3035,42.69,388220.0,182,F182:19351,pep11,1,1,,,,PEAKS DB
6361,SAIP(+13.98)SGYC(+57.02)SQDGQTGRQPLPPYTPAM(+15.99)MHRSNGHTLTQPPGP,20.36,4419.022,41,-4.5,1105.7578,17.67,404760.0,182,F182:6046,pep11,1,1,,Proline oxidation to pyroglutamic acid; Carbamidomethylation; Oxidation (M),P4:Proline oxidation to pyroglutamic acid:6.10;C8:Carbamidomethylation:1000.00;M26:Oxidation (M):0.00,PEAKS DB
6453,PGEAPPSAAAAAAAAAAAAAAAAAASSSGGPGPAGP,20.17,2783.3474,36,5.4,696.8479,13.75,3659000.0,182,F182:4144,pep11,1,1,,,,PEAKS DB
6478,ASLDKFLASVSTVL,20.12,1449.8079,14,0.3,725.9114,50.8,3053600.0,182,F182:23536,pep11,1,1,sp|P69905|HBA_HUMAN,,,PEAKS DB
6489,PGSPGPPGIC(+57.02)ESC(+57.02)PTGPQNYSP(+13.98)QYDSYDVKSGVAVGGLAGYPGP,20.11,4449.9795,44,4.4,1113.5071,16.28,1980800.0,182,F182:5470,pep11,1,1,sp|P02461|CO3A1_HUMAN,Carbamidomethylation; Proline oxidation to pyroglutamic acid,C10:Carbamidomethylation:1000.00;C13:Carbamidomethylation:1000.00;P22:Proline oxidation to pyroglutamic acid:0.00,PEAKS DB
6548,LNAPSDWDSRGKDSYETSQL,20.0,2268.0293,20,4.6,757.0205,27.74,832530.0,182,F182:11317,pep11,1,1,sp|P10451|OSTP_HUMAN,,,PEAKS DB
