,Peptide,-10lgP,Mass,Length,ppm,m/z,RT,Area Type 1,Fraction,Scan,Source File,#Feature,#Feature Type 1,Accession,PTM,AScore,Found By
194,EC(+57.02)C(+57.02)DVEDSTTC(+57.02)FNAKGPL,58.31,2101.8391,18,3.0,1051.9299,29.89,130740000.0,9,F9:11999,pep9,23,23,sp|P02774|VTDB_HUMAN,Carbamidomethylation,C2:Carbamidomethylation:1000.00;C3:Carbamidomethylation:1000.00;C11:Carbamidomethylation:1000.00,PEAKS DB
392,ELTETGVEAAAASAISVARTL,54.29,2059.0796,21,-2.2,1030.5448,51.8,142330000.0,9,F9:23610,pep9,20,20,sp|P05155|IC1_HUMAN,,,PEAKS DB
454,DQSRVLNLGPITR,53.43,1467.8158,13,13.8,734.9253,33.48,1336100000.0,9,F9:14034,pep9,27,27,sp|P07911|UROM_HUMAN,,,PEAKS DB
486,M(+42.01)FSSVAHLARANP,53.03,1441.7136,13,1.2,721.8649,39.45,82892000.0,9,F9:17163,pep9,17,17,sp|Q00325|MPCP_HUMAN,Acetylation (Protein N-term),M1:Acetylation (Protein N-term):1000.00,PEAKS DB
547,YC(+57.02)EEAVEEETGDGLDEDSDRA,52.07,2387.9182,21,0.8,1194.9673,24.49,99985000.0,8,F8:8346,pep9,43,43,sp|P00734|THRB_HUMAN,Carbamidomethylation,C2:Carbamidomethylation:1000.00,PEAKS DB
644,EVGKALDGINSGITHAGR,51.1,1793.9384,18,2.7,598.9883,24.28,5466800.0,9,F9:9010,pep9,7,7,sp|Q6UWP8|SBSN_HUMAN,,,PEAKS DB
654,IKQNC(+57.02)ELFEQLGEYK,51.01,1897.9243,15,-0.1,949.9694,32.91,439350.0,9,F9:13787,pep9,1,1,sp|P02768|ALBU_HUMAN,Carbamidomethylation,C5:Carbamidomethylation:1000.00,PEAKS DB
698,LDC(+57.02)HVC(+57.02)AYNGDNC(+57.02)FNPM,50.42,2085.78,17,4.1,1043.9016,30.61,11892000.0,9,F9:12426,pep9,12,12,sp|P0DP58|LYNX1_HUMAN,Carbamidomethylation,C3:Carbamidomethylation:1000.00;C6:Carbamidomethylation:1000.00;C13:Carbamidomethylation:1000.00,PEAKS DB
704,DHDVGSELPPEGVLGALLR,50.37,1973.0217,19,1.6,658.6823,48.49,62073000.0,9,F9:22218,pep9,21,21,sp|Q9UHG2|PCS1N_HUMAN,,,PEAKS DB
739,PGSSGTGGTATWKPGSSGPGSTGSWNSGSSGTGSTGN,49.98,3269.4094,37,1.5,1090.812,24.6,6094300.0,9,F9:9138,pep9,5,5,sp|P02671|FIBA_HUMAN,,,PEAKS DB
749,ELRMSSSYPTGLADVKAGPAQT,49.89,2278.1262,22,5.5,760.3868,29.69,4779300.0,9,F9:11929,pep9,10,10,sp|P35318|ADML_HUMAN,,,PEAKS DB
868,LVRPEVDVMC(+57.02)TAFHDNEET,48.9,2261.0093,19,2.2,754.6787,32.62,16356000.0,9,F9:13608,pep9,9,9,sp|P02768|ALBU_HUMAN,Carbamidomethylation,C10:Carbamidomethylation:1000.00,PEAKS DB
869,AVEQNTLQEFLKLA,48.89,1602.8617,14,0.3,802.4384,49.12,67034000.0,9,F9:22317,pep9,4,4,sp|Q9H299|SH3L3_HUMAN,,,PEAKS DB
879,KDSGRDYVSQFEGSALGKQLN,48.83,2298.124,21,-0.5,767.0482,31.66,10422000.0,9,F9:13065,pep9,3,3,sp|P02647|APOA1_HUMAN,,,PEAKS DB
893,VQVFAPANALPARSEAAAVQP,48.73,2106.1221,21,-1.6,1054.0667,32.79,77976000.0,9,F9:13635,pep9,14,14,sp|Q96FE7|P3IP1_HUMAN,,,PEAKS DB
940,TPVSDRVTKC(+57.02)C(+57.02)TESL,48.31,1751.8182,15,3.5,876.9194,21.84,29455000.0,9,F9:7687,pep9,5,5,sp|P02768|ALBU_HUMAN,Carbamidomethylation,C10:Carbamidomethylation:1000.00;C11:Carbamidomethylation:1000.00,PEAKS DB
948,VQYKTQVVAGTNY,48.25,1469.7515,13,2.1,735.8845,23.07,9349900.0,9,F9:8456,pep9,3,3,sp|P01040|CYTA_HUMAN,,,PEAKS DB
958,GRVPFNGQDPVKGQVSVKGQD,48.15,2211.1396,21,1.9,553.7932,22.47,184640.0,9,F9:8023,pep9,1,1,sp|P19957|ELAF_HUMAN,,,PEAKS DB
1022,TRC(+57.02)PDGQFC(+57.02)PVAC(+57.02)C(+57.02)LDP,47.69,2051.8323,17,0.0,1026.9235,31.41,52609000.0,9,F9:12884,pep9,14,14,sp|P28799|GRN_HUMAN,Carbamidomethylation,C3:Carbamidomethylation:1000.00;C9:Carbamidomethylation:1000.00;C13:Carbamidomethylation:1000.00;C14:Carbamidomethylation:1000.00,PEAKS DB
1057,FIYGHYKQATVGDINTERPGML,47.47,2509.2424,22,-0.3,837.4211,31.42,9902300.0,9,F9:12858,pep9,2,2,sp|P07108|ACBP_HUMAN,,,PEAKS DB
1223,DGSPHPDPSAGAKPC(+57.02)GSSSAGKIPC(+57.02)RS,46.22,2679.2129,27,2.1,670.8119,15.5,545060000.0,9,F9:4447,pep9,9,9,sp|Q15517|CDSN_HUMAN,Carbamidomethylation,C15:Carbamidomethylation:1000.00;C25:Carbamidomethylation:1000.00,PEAKS DB
1343,APEAQVSVQPNFQQDKFLGRWFSAGL,45.42,2919.4668,26,1.1,974.1639,47.49,93975000.0,9,F9:21693,pep9,5,5,sp|P41222|PTGDS_HUMAN,,,PEAKS DB
1435,YTKKVPQVSTPTL,44.83,1460.8239,13,3.0,731.4214,25.76,819740000.0,9,F9:9732,pep9,7,7,sp|P02768|ALBU_HUMAN,,,PEAKS DB
1472,ISWYDNEFGYSNRVVD,44.53,1962.8748,16,-2.9,982.4418,37.8,12999000.0,9,F9:16253,pep9,3,3,sp|P04406|G3P_HUMAN,,,PEAKS DB
1505,EASNC(+57.02)FAIRHFENKF,44.32,1868.8628,15,5.1,623.9647,30.18,33079000.0,9,F9:12213,pep9,14,14,sp|Q9Y287|ITM2B_HUMAN,Carbamidomethylation,C5:Carbamidomethylation:1000.00,PEAKS DB
1706,AADHDVGSELPPEGVLGALLR,43.04,2115.0959,21,2.5,706.041,47.66,14435000.0,9,F9:21710,pep9,5,5,sp|Q9UHG2|PCS1N_HUMAN,,,PEAKS DB
1737,ELTETGVEAAAASAISVART,42.91,1945.9956,20,-2.3,974.0028,42.82,55471000.0,8,F8:18759,pep9,5,5,sp|P05155|IC1_HUMAN,,,PEAKS DB
1769,MC(+57.02)VNQNGGYLC(+57.02)IPRTNPVYRG,42.72,2468.1511,21,1.5,823.7256,31.75,66693000.0,9,F9:13109,pep9,6,6,sp|Q9UBX5|FBLN5_HUMAN,Carbamidomethylation,C2:Carbamidomethylation:1000.00;C11:Carbamidomethylation:1000.00,PEAKS DB
1790,EVDETYVPKEFNAET,42.63,1769.7996,15,4.6,885.9111,29.46,44830000.0,9,F9:11791,pep9,5,5,sp|P02768|ALBU_HUMAN,,,PEAKS DB
1815,FRSALESSPADPATLSEDEARLL,42.45,2474.2288,23,1.3,825.7513,39.64,4302200.0,9,F9:17206,pep9,2,2,sp|P01258|CALC_HUMAN:sp|P06881|CALCA_HUMAN,,,PEAKS DB
1830,IPAPTDLKFTQVTPTSL,42.37,1827.9982,17,-0.5,915.0059,39.49,3154500.0,9,F9:17232,pep9,2,2,sp|P02751|FINC_HUMAN,,,PEAKS DB
1897,DAVVDGENDDPRPPNPPKPMPNPNPNHPSSSGSFS,42.04,3665.644,35,-4.9,1222.8827,24.46,31842000.0,9,F9:9026,pep9,8,8,sp|P14209|CD99_HUMAN,,,PEAKS DB
1926,VAHVDDMPNALSALSDL,41.8,1766.8508,17,-2.2,884.4308,47.0,1763000.0,9,F9:21346,pep9,1,1,sp|P69905|HBA_HUMAN,,,PEAKS DB
2033,C(+57.02)RIC(+57.02)VC(+57.02)DNGKVLC(+57.02),41.24,1652.7256,13,1.9,551.9169,23.74,418010.0,9,F9:8727,pep9,2,2,sp|P02452|CO1A1_HUMAN,Carbamidomethylation,C1:Carbamidomethylation:1000.00;C4:Carbamidomethylation:1000.00;C6:Carbamidomethylation:1000.00;C13:Carbamidomethylation:1000.00,PEAKS DB
2046,C(+57.02)PREC(+57.02)YC(+57.02)PPDFPSA,41.16,1754.6851,14,5.3,878.3544,28.95,8269900.0,9,F9:11596,pep9,8,8,sp|P51888|PRELP_HUMAN,Carbamidomethylation,C1:Carbamidomethylation:1000.00;C5:Carbamidomethylation:1000.00;C7:Carbamidomethylation:1000.00,PEAKS DB
2125,FKSLPGQNEDL,40.8,1246.6194,11,4.8,624.3199,26.6,611600.0,9,F9:10176,pep9,2,2,sp|P01040|CYTA_HUMAN,,,PEAKS DB
2269,KVHVGDEDFVH,40.11,1280.6149,11,2.3,427.8799,20.33,741770.0,9,F9:6916,pep9,1,1,sp|P04080|CYTB_HUMAN,,,PEAKS DB
2296,TPEEKSAVTALWGKVNVDEVGGEALGRL,40.0,2924.5242,28,1.0,732.139,43.59,37945000.0,9,F9:19431,pep9,4,4,sp|P68871|HBB_HUMAN,,,PEAKS DB
2312,SVVLNQLC(+57.02)VLHEK,39.91,1537.8286,13,1.4,513.6176,31.57,16168000.0,9,F9:12985,pep9,3,3,sp|P02768|ALBU_HUMAN,Carbamidomethylation,C8:Carbamidomethylation:1000.00,PEAKS DB
2403,TMMKENFPNFL,39.44,1370.6362,11,2.4,686.327,42.34,5945800.0,9,F9:18810,pep9,2,2,sp|P31151|S10A7_HUMAN,,,PEAKS DB
2447,EVDETYVPKEF,39.23,1354.6292,11,1.9,678.3231,30.73,51129000.0,9,F9:12501,pep9,2,2,sp|P02768|ALBU_HUMAN,,,PEAKS DB
2482,AAVPGKTFVNITPAEVGVLVGKDR,39.06,2437.3691,24,3.9,610.3519,38.54,26109000.0,9,F9:17157,pep9,6,6,sp|P07737|PROF1_HUMAN,,,PEAKS DB
2538,PEQTPVLKPEEEAPAPEVGA,38.77,2087.0422,20,2.7,1044.5312,27.34,24829000.0,8,F8:9993,pep9,14,14,sp|P04004|VTNC_HUMAN,,,PEAKS DB
2620,EAIPM(+15.99)SIPPEVKFNKPF,38.36,1959.0175,17,0.9,654.0137,35.65,708010000.0,9,F9:15340,pep9,10,10,sp|P01009|A1AT_HUMAN,Oxidation (M),M5:Oxidation (M):1000.00,PEAKS DB
2639,IKVHVGDEDFVH,38.28,1393.699,12,3.0,465.575,25.01,91409.0,9,F9:9414,pep9,1,1,sp|P04080|CYTB_HUMAN,,,PEAKS DB
2749,LTMMKENFPNFL,37.8,1483.7203,12,2.9,742.8696,45.8,24942000.0,9,F9:20554,pep9,3,3,sp|P31151|S10A7_HUMAN,,,PEAKS DB
2751,LTGLGHRSDHYNC(+57.02)VSSGGQC(+57.02)L,37.79,2317.0327,21,-1.4,580.2646,22.24,2071400.0,9,F9:7867,pep9,4,4,sp|P60022|DEFB1_HUMAN,Carbamidomethylation,C13:Carbamidomethylation:1000.00;C20:Carbamidomethylation:1000.00,PEAKS DB
2810,ADGSSLPEWVTDNAGTLHFAR,37.48,2243.0605,21,0.4,748.6944,40.4,1759800.0,9,F9:17773,pep9,5,5,sp|Q13308|PTK7_HUMAN,,,PEAKS DB
2823,ERIAGEASRLAHY,37.43,1471.7532,13,1.4,491.5923,22.39,80532.0,9,F9:8007,pep9,1,1,sp|P58876|H2B1D_HUMAN:sp|P62807|H2B1C_HUMAN:sp|Q16778|H2B2E_HUMAN:sp|Q99879|H2B1M_HUMAN:sp|P33778|H2B1B_HUMAN:sp|Q99877|H2B1N_HUMAN:sp|Q93079|H2B1H_HUMAN:sp|Q5QNW6|H2B2F_HUMAN:sp|P23527|H2B1O_HUMAN,,,PEAKS DB
2837,FIKFPEPGAIKVPEQG,37.36,1755.9558,16,1.3,586.3267,35.37,4594300.0,9,F9:14882,pep9,1,1,sp|Q9UBC9|SPRR3_HUMAN,,,PEAKS DB
2860,DQPAASGDSDDDEPPPLPRL,37.22,2090.9392,20,0.3,1046.4772,34.48,6640200.0,8,F8:14176,pep9,6,6,sp|O00264|PGRC1_HUMAN,,,PEAKS DB
2899,FQAPDLRGISEQSL,37.09,1559.7943,14,3.3,780.907,36.31,20296000.0,9,F9:15464,pep9,4,4,sp|P08697|A2AP_HUMAN,,,PEAKS DB
2958,M(+15.99)(+42.01)IPGGLSEAKPATPEIQE,36.82,1924.9452,18,1.5,963.4813,32.35,286610000.0,8,F8:12920,pep9,12,12,sp|P01040|CYTA_HUMAN,Oxidation (M); Acetylation (Protein N-term),M1:Oxidation (M):1000.00;M1:Acetylation (Protein N-term):1000.00,PEAKS DB
2964,EIVKLC(+57.02)SQYQNQAKNGILFC(+57.02),36.81,2412.1929,20,1.8,805.073,34.14,2034500.0,9,F9:14310,pep9,1,1,sp|Q9NQ38|ISK5_HUMAN,Carbamidomethylation,C6:Carbamidomethylation:1000.00;C20:Carbamidomethylation:1000.00,PEAKS DB
2985,AIFFLPDEGKLQ,36.74,1376.7339,12,1.3,689.3751,42.27,5064100.0,9,F9:18796,pep9,5,5,sp|P01009|A1AT_HUMAN,,,PEAKS DB
2989,LRENELTYYC(+57.02)C(+57.02)K,36.73,1647.7385,12,2.2,550.2546,23.76,128500.0,9,F9:8744,pep9,1,1,sp|P13987|CD59_HUMAN,Carbamidomethylation,C10:Carbamidomethylation:1000.00;C11:Carbamidomethylation:1000.00,PEAKS DB
3089,AC(+57.02)VDVNEC(+57.02)DDLNGPAVL,36.33,1859.803,17,0.8,930.9095,34.35,240670000.0,8,F8:14039,pep9,9,9,sp|Q14767|LTBP2_HUMAN,Carbamidomethylation,C2:Carbamidomethylation:1000.00;C8:Carbamidomethylation:1000.00,PEAKS DB
3093,TPVSDRVTKC(+57.02)C(+57.02)TESLVNRRPC(+57.02)F,36.3,2681.2837,22,4.5,671.3312,26.58,6439100.0,9,F9:10212,pep9,3,3,sp|P02768|ALBU_HUMAN,Carbamidomethylation,C10:Carbamidomethylation:1000.00;C11:Carbamidomethylation:1000.00;C21:Carbamidomethylation:1000.00,PEAKS DB
3141,PLPVPIPIPIPIPH,36.11,1498.9275,14,0.9,750.4717,54.21,19469000.0,8,F8:24828,pep9,8,8,sp|A7XYQ1|SOBP_HUMAN,,,PEAKS DB
3161,A(+42.01)ASKPVEAAVVAAAVPSSGSGVGGGGTAGPGTGGLPRW,36.04,3344.7112,38,3.7,837.1882,43.12,4769600.0,8,F8:18879,pep9,4,4,sp|O94826|TOM70_HUMAN,Acetylation (Protein N-term),A1:Acetylation (Protein N-term):1000.00,PEAKS DB
3175,LQPMVSALNIRVGGTG,35.96,1611.8766,16,1.8,806.947,37.19,13713000.0,9,F9:15952,pep9,5,5,sp|P07911|UROM_HUMAN,,,PEAKS DB
3206,E(+42.01)EEIAALVIDNGSGMC(+57.02)KAGFAGDDAPRAVFPSIVG,35.8,3604.7178,35,1.4,1202.5815,53.96,35976000.0,8,F8:24707,pep9,6,6,sp|P63261|ACTG_HUMAN,Acetylation (Protein N-term); Carbamidomethylation,E1:Acetylation (Protein N-term):1000.00;C16:Carbamidomethylation:1000.00,PEAKS DB
3225,LGMESC(+57.02)GIHETTF,35.72,1480.6327,13,1.5,741.3247,30.73,122060.0,9,F9:12505,pep9,1,1,sp|P60709|ACTB_HUMAN:sp|P63261|ACTG_HUMAN,Carbamidomethylation,C6:Carbamidomethylation:1000.00,PEAKS DB
3293,NAEKDFC(+57.02)KEYEKQVR,35.39,1942.9207,15,0.6,486.7377,19.78,878410.0,9,F9:6703,pep9,2,2,sp|Q9NQ38|ISK5_HUMAN,Carbamidomethylation,C7:Carbamidomethylation:1000.00,PEAKS DB
3456,SFTKTSPNFM,34.75,1158.538,10,-1.5,580.2754,28.76,995710.0,9,F9:11406,pep9,3,3,,,,PEAKS DB
3464,YRIIYSPTVGDPIDE,34.72,1736.8621,15,-0.9,869.4375,34.13,7549500.0,9,F9:14350,pep9,1,1,sp|Q99715|COCA1_HUMAN,,,PEAKS DB
3478,NQLC(+57.02)VLHEKTPVSDR,34.65,1794.9047,15,2.3,449.7345,22.32,721760.0,9,F9:7916,pep9,1,1,sp|P02768|ALBU_HUMAN,Carbamidomethylation,C4:Carbamidomethylation:1000.00,PEAKS DB
3588,FADAPEPGQALPVEEEAVTLARAETTQ,34.22,2839.3875,27,2.5,947.4722,45.82,2883500.0,8,F8:20299,pep9,2,2,sp|Q9C0C2|TB182_HUMAN,,,PEAKS DB
3656,DYVSQFEGSALGKQLN,33.93,1754.8475,16,-3.9,878.4276,36.44,450300.0,9,F9:15496,pep9,1,1,sp|P02647|APOA1_HUMAN,,,PEAKS DB
3669,KLTIESTPFNVAEGKEVL,33.87,1974.0673,18,-1.4,988.0396,38.04,391010.0,9,F9:16397,pep9,1,1,sp|P40199|CEAM6_HUMAN:sp|P06731|CEAM5_HUMAN,,,PEAKS DB
3710,G(+42.01)DKPIWEQIGSSF,33.72,1504.7197,13,1.0,753.3679,50.98,163680000.0,8,F8:22978,pep9,6,6,sp|P61970|NTF2_HUMAN,Acetylation (Protein N-term),G1:Acetylation (Protein N-term):1000.00,PEAKS DB
3724,LESSPADPATLSEDEARLL,33.67,2012.9901,19,3.6,1007.5059,41.02,5676700.0,8,F8:17852,pep9,6,6,sp|P01258|CALC_HUMAN:sp|P06881|CALCA_HUMAN,,,PEAKS DB
3739,NITPAEVGVLVGKDR,33.57,1566.8729,15,-4.2,523.2961,32.04,676150.0,9,F9:13256,pep9,2,2,sp|P07737|PROF1_HUMAN,,,PEAKS DB
3818,GLARNVQVYNPTPNSL,33.31,1741.9111,16,4.3,871.9666,29.85,362130.0,9,F9:12026,pep9,1,1,sp|Q99715|COCA1_HUMAN,,,PEAKS DB
3819,SDHYNC(+57.02)VSSGGQC(+57.02)LYSAC(+57.02)PIF,33.31,2420.9824,21,-1.4,1211.4968,37.02,828250.0,9,F9:15820,pep9,2,2,sp|P60022|DEFB1_HUMAN,Carbamidomethylation,C6:Carbamidomethylation:1000.00;C13:Carbamidomethylation:1000.00;C18:Carbamidomethylation:1000.00,PEAKS DB
3848,AIGGGLSSVGGGSSTIKYTTTSSSSR,33.18,2417.2034,26,6.1,806.7466,25.9,458910.0,9,F9:9792,pep9,1,1,sp|P02538|K2C6A_HUMAN,,,PEAKS DB
3864,EWGC(+57.02)C(+57.02)PIPEAVC(+57.02)C(+57.02)SDHQHC(+57.02)C(+57.02)PQGYTC(+57.02)VAEGQC(+57.02)QR,33.12,4195.604,34,2.3,1049.9106,28.72,15223000.0,9,F9:11347,pep9,5,5,sp|P28799|GRN_HUMAN,Carbamidomethylation,C4:Carbamidomethylation:1000.00;C5:Carbamidomethylation:1000.00;C12:Carbamidomethylation:1000.00;C13:Carbamidomethylation:1000.00;C19:Carbamidomethylation:1000.00;C20:Carbamidomethylation:1000.00;C26:Carbamidomethylation:1000.00;C32:Carbamidomethylation:1000.00,PEAKS DB
3882,YVVSIVALNGREESPLL,33.01,1858.02,17,-3.9,930.0137,43.89,562470.0,9,F9:19727,pep9,2,2,sp|P02751|FINC_HUMAN,,,PEAKS DB
3904,ADAPEPGQALPVEEEAVTLARAETTQ,32.91,2692.3191,26,-1.6,898.4455,43.93,13221000.0,8,F8:19276,pep9,7,7,sp|Q9C0C2|TB182_HUMAN,,,PEAKS DB
3983,GPPLPQGPPP,32.6,955.5127,10,-0.4,478.7634,24.42,245880000.0,8,F8:8392,pep9,18,18,sp|P04196|HRG_HUMAN,,,PEAKS DB
3994,S(+42.01)YQQQQC(+57.02)KQPC(+57.02)QPPPVC(+57.02)PTPK,32.57,2597.1824,21,0.7,866.7354,20.13,47768000.0,8,F8:5845,pep9,3,3,sp|P22531|SPR2E_HUMAN,Acetylation (Protein N-term); Carbamidomethylation,S1:Acetylation (Protein N-term):1000.00;C7:Carbamidomethylation:1000.00;C11:Carbamidomethylation:1000.00;C17:Carbamidomethylation:1000.00,PEAKS DB
4072,VPEPGC(+57.02)TKVPEPGYTKVPEPGSIKVPDQGF,32.25,3208.6113,30,1.7,803.1614,32.6,1221500.0,9,F9:13591,pep9,1,1,sp|Q9UBC9|SPRR3_HUMAN,Carbamidomethylation,C6:Carbamidomethylation:1000.00,PEAKS DB
4093,LEGFLSELEPEPR,32.15,1514.7616,13,0.3,758.3883,41.41,2312000.0,9,F9:18323,pep9,4,4,sp|Q8IUX7|AEBP1_HUMAN,,,PEAKS DB
4160,HLAPYSDEL,31.9,1043.4923,9,2.9,522.7549,27.5,1954200.0,9,F9:10671,pep9,1,1,sp|P02647|APOA1_HUMAN,,,PEAKS DB
4259,D(+42.01)DDIAALVVDNGSGM(+15.99)C(+57.02)K,31.53,1836.787,17,0.6,919.4013,39.59,164810000.0,7,F7:17747,pep9,10,10,sp|P60709|ACTB_HUMAN,Acetylation (Protein N-term); Oxidation (M); Carbamidomethylation,D1:Acetylation (Protein N-term):1000.00;M15:Oxidation (M):1000.00;C16:Carbamidomethylation:1000.00,PEAKS DB
4319,DYVSQFEGSALGKQL,31.34,1640.8046,15,1.8,821.411,38.8,841370.0,9,F9:16851,pep9,1,1,sp|P02647|APOA1_HUMAN,,,PEAKS DB
4331,ENFC(+57.02)RNPDSSTTGPW,31.3,1766.7318,15,3.2,884.376,28.06,765650.0,9,F9:11139,pep9,1,1,sp|P00734|THRB_HUMAN,Carbamidomethylation,C4:Carbamidomethylation:1000.00,PEAKS DB
4426,TVTVNVEDQDEGPEC(+57.02)NPPIQTVR,31.0,2596.2075,23,4.0,866.4132,27.4,4292700.0,8,F8:10098,pep9,2,2,sp|Q02487|DSC2_HUMAN,Carbamidomethylation,C15:Carbamidomethylation:1000.00,PEAKS DB
4534,T(+42.01)EWETAAPAVAETPDIK,30.63,1869.8995,17,-2.0,935.9552,37.17,52502000.0,7,F7:16052,pep9,2,2,sp|P46782|RS5_HUMAN,Acetylation (Protein N-term),T1:Acetylation (Protein N-term):1000.00,PEAKS DB
4537,PVC(+57.02)PPGGIQEVTVNQS,30.62,1680.8141,16,0.8,841.415,28.43,100500000.0,7,F7:10954,pep9,5,5,sp|P02538|K2C6A_HUMAN:sp|P13647|K2C5_HUMAN,Carbamidomethylation,C3:Carbamidomethylation:1000.00,PEAKS DB
4575,DESGPSIVHRKC(+57.02)F,30.5,1530.7249,13,0.6,511.2492,20.79,498840.0,9,F9:7116,pep9,1,1,sp|P60709|ACTB_HUMAN:sp|P63261|ACTG_HUMAN,Carbamidomethylation,C12:Carbamidomethylation:1000.00,PEAKS DB
4777,FQYDTWKQSTQRL,29.79,1699.8318,13,3.2,567.6197,29.53,371760.0,9,F9:11873,pep9,2,2,sp|P01344|IGF2_HUMAN,,,PEAKS DB
4825,S(+42.01)DEREVAEAATGEDASSPPPKTEAASDPQHPAASEGAAAAAASPP,29.63,4339.9585,45,5.3,1086.0027,25.59,10995000.0,8,F8:9030,pep9,4,4,sp|Q99536|VAT1_HUMAN,Acetylation (Protein N-term),S1:Acetylation (Protein N-term):1000.00,PEAKS DB
4827,HVIKENLVNEEVTR,29.62,1678.9001,14,1.7,560.6416,21.2,275630.0,9,F9:7391,pep9,1,1,sp|Q14002|CEAM7_HUMAN,,,PEAKS DB
4916,A(+42.01)AGVEAAAEVAATEIK,29.3,1541.7937,16,0.5,771.9045,47.36,4106200.0,7,F7:21657,pep9,2,2,sp|P52272|HNRPM_HUMAN,Acetylation (Protein N-term),A1:Acetylation (Protein N-term):1000.00,PEAKS DB
4920,S(+42.01)ARLPVLSPPRWP,29.28,1516.8513,13,0.3,759.4332,43.29,885440.0,9,F9:19312,pep9,1,1,sp|Q99805|TM9S2_HUMAN,Acetylation (Protein N-term),S1:Acetylation (Protein N-term):1000.00,PEAKS DB
4926,ASHTSDSDVPSGVTEVVVKLFDSDPITVTVPVE,29.27,3425.709,33,2.3,1142.9128,54.2,144070.0,9,F9:24730,pep9,1,1,sp|P10909|CLUS_HUMAN,,,PEAKS DB
4982,GMPGPPGPPGPPGPPGTP,29.1,1562.7551,18,12.1,782.3943,22.87,164840.0,8,F8:7385,pep9,1,1,sp|P39060|COIA1_HUMAN,,,PEAKS DB
5020,DIQYPDATDEDITSHM(+15.99)ESEE,28.96,2339.9224,20,-3.6,1170.9642,26.03,15489000.0,7,F7:9673,pep9,4,4,sp|P10451|OSTP_HUMAN,Oxidation (M),M16:Oxidation (M):1000.00,PEAKS DB
5075,QSLPHENKPLTLSNYQTNKAKHDELT,28.81,3005.5205,26,4.0,752.3904,22.42,2701600.0,9,F9:8038,pep9,2,2,sp|P04080|CYTB_HUMAN,,,PEAKS DB
5131,YRVVYSPVDGTRPSES,28.61,1810.8849,16,0.2,604.6357,23.63,529000.0,9,F9:8638,pep9,1,1,sp|Q99715|COCA1_HUMAN,,,PEAKS DB
5192,EC(+57.02)PPC(+57.02)PAPPVAGPSVFLFPPKP,28.45,2360.1697,22,1.2,787.7314,46.65,4228900.0,8,F8:20734,pep9,2,2,sp|P01859|IGHG2_HUMAN,Carbamidomethylation,C2:Carbamidomethylation:1000.00;C5:Carbamidomethylation:1000.00,PEAKS DB
5293,C(+57.02)PIFTKI,28.09,877.4731,7,0.5,439.7441,31.6,5024200.0,9,F9:13049,pep9,3,3,sp|P60022|DEFB1_HUMAN,Carbamidomethylation,C1:Carbamidomethylation:1000.00,PEAKS DB
5321,YVSWYQQLPGTAPKL,27.99,1749.9089,15,0.2,875.9619,40.18,398720.0,9,F9:17633,pep9,1,1,,,,PEAKS DB
5421,TLIGGITGPIAKL,27.62,1252.7754,13,1.0,627.3956,42.27,525060.0,9,F9:18762,pep9,1,1,sp|Q96FQ6|S10AG_HUMAN,,,PEAKS DB
5423,DTSPSEETDQEVFLGPPEAQSFLSSHTRIPR,27.62,3456.6433,31,-0.3,865.1678,40.35,16751000.0,9,F9:17699,pep9,5,5,sp|O14669|TMG2_HUMAN,,,PEAKS DB
5443,PGGFPGGGAPP,27.57,909.4344,11,1.3,455.7251,25.05,7216800.0,8,F8:8853,pep9,3,3,sp|P11142|HSP7C_HUMAN,,,PEAKS DB
5492,IKQNC(+57.02)ELFEQLG,27.44,1477.7235,12,1.4,739.8701,32.99,17371000.0,9,F9:13833,pep9,1,1,sp|P02768|ALBU_HUMAN,Carbamidomethylation,C5:Carbamidomethylation:1000.00,PEAKS DB
5503,WEEADAEAVARAEAAARAEAAAPYTV,27.42,2688.2778,26,0.4,897.1002,38.24,1504900.0,9,F9:16484,pep9,1,1,sp|Q8N2S1|LTBP4_HUMAN,,,PEAKS DB
5569,A(+42.01)DQLTEEQVTEFK,27.17,1578.7413,13,-0.9,790.3772,34.32,3264800.0,7,F7:14363,pep9,1,1,sp|P27482|CALL3_HUMAN,Acetylation (Protein N-term),A1:Acetylation (Protein N-term):1000.00,PEAKS DB
5630,A(+42.01)AEREPPPLGDGKPTDFEDLEDGEDLFTSTVST,27.03,3576.6267,33,0.1,1193.2163,45.78,39191000.0,8,F8:19997,pep9,5,5,sp|O60749|SNX2_HUMAN,Acetylation (Protein N-term),A1:Acetylation (Protein N-term):1000.00,PEAKS DB
5645,AKTC(+57.02)VADESAENC(+57.02)DKSLHTL,27.0,2248.01,20,2.1,563.011,21.79,758810.0,9,F9:7679,pep9,1,1,sp|P02768|ALBU_HUMAN,Carbamidomethylation,C4:Carbamidomethylation:1000.00;C13:Carbamidomethylation:1000.00,PEAKS DB
5675,EAGQFGQGVHHTLEQAGK,26.9,1892.9128,18,2.0,474.2365,21.23,602650.0,9,F9:7397,pep9,2,2,sp|Q6UWP8|SBSN_HUMAN,,,PEAKS DB
5678,C(+57.02)PAAC(+57.02)VC(+57.02)SYDDDADEL,26.89,1859.6648,16,1.1,930.8407,30.95,801810.0,7,F7:12481,pep9,1,1,sp|P35858|ALS_HUMAN,Carbamidomethylation,C1:Carbamidomethylation:1000.00;C5:Carbamidomethylation:1000.00;C7:Carbamidomethylation:1000.00,PEAKS DB
5681,E(+42.01)EEIAALVIDNGSGMC(+57.02)KAG,26.89,2004.9132,19,-0.6,1003.4633,48.63,2377300.0,7,F7:22450,pep9,3,3,sp|P63261|ACTG_HUMAN,Acetylation (Protein N-term); Carbamidomethylation,E1:Acetylation (Protein N-term):1000.00;C16:Carbamidomethylation:1000.00,PEAKS DB
5707,LSALEEYTKK,26.82,1180.6339,10,1.1,591.3249,22.89,134250.0,9,F9:8259,pep9,1,1,sp|P02647|APOA1_HUMAN,,,PEAKS DB
5722,ASDDPIEKVIEGINR,26.79,1654.8525,15,0.8,552.6252,39.47,5131000.0,9,F9:17282,pep9,3,3,sp|Q6UWP8|SBSN_HUMAN,,,PEAKS DB
5745,DPPQAASTGAPQSSAVAAAAATTTATTTTTSSGGHP,26.72,3239.5178,36,3.5,1080.8503,27.16,352790.0,8,F8:9926,pep9,1,1,sp|P54727|RD23B_HUMAN,,,PEAKS DB
5873,TGWRPGSGFTNT,26.32,1279.5945,12,2.7,640.8063,27.67,121680.0,9,F9:10829,pep9,1,1,sp|P14618|KPYM_HUMAN,,,PEAKS DB
5904,GPMGLTGRPGP(+13.98)VGGP(+13.98)GSSGAKGESGDPGPQGP,26.22,2842.2939,32,-3.8,711.5781,15.25,0.0,9,F9:4408,pep9,0,0,sp|P12107|COBA1_HUMAN,Proline oxidation to pyroglutamic acid,P11:Proline oxidation to pyroglutamic acid:0.00;P15:Proline oxidation to pyroglutamic acid:0.00,PEAKS DB
5905,LQIYKQGGFLGLSN,26.22,1536.83,14,5.5,769.4265,38.29,359810.0,9,F9:16603,pep9,1,1,sp|P15941|MUC1_HUMAN,,,PEAKS DB
5925,FNGQDPVKGQVSVKGQDK,26.16,1929.9907,18,2.8,483.5063,17.46,681210.0,9,F9:5472,pep9,1,1,sp|P19957|ELAF_HUMAN,,,PEAKS DB
5940,TLFGDKLC(+57.02)TVATLRETYGEM,26.12,2304.113,20,-0.7,769.0444,41.22,14176000.0,9,F9:18162,pep9,2,2,sp|P02768|ALBU_HUMAN,Carbamidomethylation,C8:Carbamidomethylation:1000.00,PEAKS DB
5946,IKVDKGVVPLAGTDGETTTQGLDGLSER,26.1,2855.4875,28,11.3,714.8872,30.36,194410.0,9,F9:12319,pep9,1,1,,,,PEAKS DB
5954,YLQQC(+57.02)PFEDHVKLVNEVT,26.09,2218.0728,18,-2.8,1110.0405,32.67,2516700.0,9,F9:13617,pep9,3,3,sp|P02768|ALBU_HUMAN,Carbamidomethylation,C5:Carbamidomethylation:1000.00,PEAKS DB
5959,KDLKEGLLLYHTENNVGLK,26.09,2183.1951,19,3.9,546.8082,29.41,1357400.0,9,F9:11772,pep9,4,4,sp|O75954|TSN9_HUMAN,,,PEAKS DB
5995,PPLPPPPPP,25.99,907.5167,9,0.4,454.7658,22.97,1008700000.0,8,F8:7063,pep9,29,28,sp|Q16643|DREB_HUMAN:sp|O15054|KDM6B_HUMAN:sp|Q70E73|RAPH1_HUMAN:sp|Q9UPS6|SET1B_HUMAN:sp|Q9Y6X0|SETBP_HUMAN:sp|Q86VE0|MYPOP_HUMAN:sp|Q96PN7|TREF1_HUMAN:sp|Q9ULL5|PRR12_HUMAN:sp|A6NGB9|WIPF3_HUMAN:sp|Q68DA7|FMN1_HUMAN:sp|Q9BYN7|ZN341_HUMAN,,,PEAKS DB
5997,IKQNC(+57.02)ELFEQLGEY,25.98,1769.8293,14,1.4,885.9232,38.36,11518000.0,9,F9:16555,pep9,1,1,sp|P02768|ALBU_HUMAN,Carbamidomethylation,C5:Carbamidomethylation:1000.00,PEAKS DB
6030,GRTTGIVMDSGDGVTHTVPIYEG,25.87,2361.127,23,2.3,788.0514,31.14,574930.0,9,F9:12728,pep9,1,1,sp|P60709|ACTB_HUMAN:sp|P63261|ACTG_HUMAN,,,PEAKS DB
6075,NYIRNNELIC(+57.02)PR,25.77,1560.7831,12,2.0,521.2693,24.58,167210.0,9,F9:9161,pep9,1,1,sp|Q9NQ38|ISK5_HUMAN,Carbamidomethylation,C10:Carbamidomethylation:1000.00,PEAKS DB
6087,DNFPRYP,25.73,907.4188,7,-0.1,454.7166,26.72,246460.0,9,F9:10292,pep9,1,1,sp|P01344|IGF2_HUMAN,,,PEAKS DB
6098,IKQNC(+57.02)ELFEQ,25.7,1307.6179,10,4.1,654.8189,25.76,10870000.0,9,F9:9721,pep9,2,2,sp|P02768|ALBU_HUMAN,Carbamidomethylation,C5:Carbamidomethylation:1000.00,PEAKS DB
6185,PPGLTQIPQIQKT,25.43,1419.8086,13,6.4,710.9161,29.89,21031.0,9,F9:12074,pep9,1,1,sp|P05026|AT1B1_HUMAN,,,PEAKS DB
6227,TNIDVVPFNVAEGKEV,25.3,1729.8887,16,4.9,865.9558,38.04,6207700.0,9,F9:16414,pep9,2,2,sp|Q14002|CEAM7_HUMAN,,,PEAKS DB
6255,EIVLTQSPATL,25.23,1170.6495,11,1.6,586.333,37.19,120790000.0,7,F7:16246,pep9,6,6,,,,PEAKS DB
6268,AGLPTYPLGGTSIC(+57.02)SGIK,25.2,1790.9236,18,-1.6,896.4677,35.45,5861300.0,9,F9:14905,pep9,2,2,,Carbamidomethylation,C14:Carbamidomethylation:1000.00,PEAKS DB
6278,MPGPGPGPGPGP(+13.98)GPGPGP,25.18,1492.6769,18,13.9,747.3561,17.28,85788000.0,7,F7:5047,pep9,3,3,sp|Q9P2N5|RBM27_HUMAN,Proline oxidation to pyroglutamic acid,P12:Proline oxidation to pyroglutamic acid:32.28,PEAKS DB
6346,LTADDRVNPC(+57.02)IGGVI,25.0,1598.8086,15,5.4,800.4159,32.86,476670.0,9,F9:13726,pep9,1,1,sp|P04075|ALDOA_HUMAN,Carbamidomethylation,C10:Carbamidomethylation:1000.00,PEAKS DB
6357,PPPLPPPPP,24.97,907.5167,9,0.4,454.7658,22.97,139790000.0,8,F8:7507,pep9,7,7,sp|Q16643|DREB_HUMAN:sp|O15054|KDM6B_HUMAN:sp|Q9UPS6|SET1B_HUMAN:sp|Q9Y6X0|SETBP_HUMAN:sp|Q86VE0|MYPOP_HUMAN:sp|Q9ULL5|PRR12_HUMAN:sp|A6NGB9|WIPF3_HUMAN:sp|Q9BYN7|ZN341_HUMAN:sp|P49750|YLPM1_HUMAN:sp|Q9Y613|FHOD1_HUMAN,,,PEAKS DB
6358,PPPIPPPPP,24.97,907.5167,9,0.4,454.7658,22.97,139790000.0,8,F8:7507,pep9,7,7,,,,PEAKS DB
6389,DIDSPPITARNTGIIC(+57.02)TIGPASR,24.88,2424.2432,23,-0.8,809.0876,32.54,906940.0,9,F9:13531,pep9,2,2,sp|P14618|KPYM_HUMAN,Carbamidomethylation,C16:Carbamidomethylation:1000.00,PEAKS DB
6402,VPAPPPPPPPPPPAT,24.85,1427.7812,15,1.0,476.9348,23.48,2133100.0,7,F7:8187,pep9,5,5,sp|Q9Y4A5|TRRAP_HUMAN,,,PEAKS DB
6446,MGPPGNP(+13.98)GPPGADGIAGAAGPPGIQGSPGKEGPPGPQGP,24.74,3408.6155,39,9.2,853.1689,18.82,6214500.0,9,F9:5983,pep9,1,1,sp|Q8NFW1|COMA1_HUMAN,Proline oxidation to pyroglutamic acid,P7:Proline oxidation to pyroglutamic acid:0.00,PEAKS DB
6456,LAANNLLAGLRGEPMPSELKL,24.68,2206.2144,21,4.7,736.4155,45.32,2442100.0,9,F9:20444,pep9,1,1,,,,PEAKS DB
6460,ISVPGPM(+15.99)GPSGP,24.65,1110.538,12,2.8,556.2778,26.38,5946200.0,7,F7:9930,pep9,3,3,sp|P02452|CO1A1_HUMAN,Oxidation (M),M7:Oxidation (M):1000.00,PEAKS DB
6505,IVNTNVPRASVPDGF,24.5,1584.8259,15,4.0,793.4234,30.98,137050.0,9,F9:12759,pep9,1,1,sp|P14174|MIF_HUMAN,,,PEAKS DB
6517,AVLADIAPSTDDL,24.45,1299.6558,13,4.8,650.8383,39.96,55701000.0,7,F7:17804,pep9,2,2,sp|Q13361|MFAP5_HUMAN,,,PEAKS DB
6531,DDEVDVDGTVEEDLGKSREGSRTDDEVVQ,24.4,3192.4177,29,8.1,799.1182,29.37,1970100.0,9,F9:11721,pep9,3,3,sp|P14625|ENPL_HUMAN,,,PEAKS DB
6568,YVSDAFHKAF,24.3,1183.5662,10,2.7,592.7919,27.5,1570600.0,9,F9:10687,pep9,2,2,sp|P01008|ANT3_HUMAN,,,PEAKS DB
6583,DIQMTQSPSSL,24.27,1205.5598,11,1.0,603.7878,28.4,22163000.0,8,F8:10652,pep9,3,3,,,,PEAKS DB
6601,PPPPLPPPPP,24.22,1004.5695,10,0.0,503.292,23.56,197010000.0,8,F8:7622,pep9,2,2,sp|O15054|KDM6B_HUMAN:sp|Q9Y6X0|SETBP_HUMAN:sp|Q9ULL5|PRR12_HUMAN:sp|A6NGB9|WIPF3_HUMAN:sp|Q9BYN7|ZN341_HUMAN:sp|P49750|YLPM1_HUMAN:sp|Q9Y613|FHOD1_HUMAN,,,PEAKS DB
6602,PPPPIPPPPP,24.22,1004.5695,10,0.0,503.292,23.56,197010000.0,8,F8:7622,pep9,2,2,,,,PEAKS DB
6622,PGVP(+13.98)GM(+15.99)PGPKGPPGP,24.16,1370.6652,15,-4.1,686.337,19.9,3816800.0,8,F8:5725,pep9,1,1,sp|Q5KU26|COL12_HUMAN,Proline oxidation to pyroglutamic acid; Oxidation (M),P4:Proline oxidation to pyroglutamic acid:19.05;M6:Oxidation (M):1000.00,PEAKS DB
6632,AVLADIAPSTDDLAS,24.13,1457.7249,15,1.4,729.8707,34.61,6924900000.0,7,F7:14988,pep9,19,19,sp|Q13361|MFAP5_HUMAN,,,PEAKS DB
6635,FGGKPMIIYKGGTSR,24.12,1610.8602,15,1.2,403.7228,23.02,363200.0,9,F9:8312,pep9,1,1,sp|P06396|GELS_HUMAN,,,PEAKS DB
6643,NGVVPPPPPPPPPP,24.1,1357.7394,14,0.1,679.877,27.65,3559800.0,7,F7:10613,pep9,5,5,sp|Q70E73|RAPH1_HUMAN,,,PEAKS DB
6648,DDC(+57.02)AP(+13.98)ESPTPPPPPP,24.1,1586.6559,15,-12.6,794.3252,17.81,18695.0,8,F8:4682,pep9,1,1,,Carbamidomethylation; Proline oxidation to pyroglutamic acid,C3:Carbamidomethylation:1000.00;P5:Proline oxidation to pyroglutamic acid:0.00,PEAKS DB
6737,AAQMAGGFDEKAGGAQLGVMQGPMGPMGPRGPPGPAGAPG,23.87,3674.7214,40,13.9,919.7004,19.37,1785000.0,9,F9:6440,pep9,1,1,sp|P02458|CO2A1_HUMAN,,,PEAKS DB
6757,HVIKENLVNEEVTRQF,23.81,1954.0272,16,5.9,652.3535,28.67,403190.0,9,F9:11317,pep9,1,1,sp|Q14002|CEAM7_HUMAN,,,PEAKS DB
6785,S(+42.01)QLERNIETIINT,23.74,1571.8154,13,0.7,786.9155,50.5,162550000.0,7,F7:23376,pep9,4,4,sp|P06702|S10A9_HUMAN,Acetylation (Protein N-term),S1:Acetylation (Protein N-term):1000.00,PEAKS DB
6803,SSLPLNSLSRNNEVDLL,23.72,1869.9796,17,0.8,935.9979,40.35,1995700.0,9,F9:17741,pep9,2,2,sp|O75787|RENR_HUMAN,,,PEAKS DB
6832,M(+15.99)(+42.01)M(+15.99)C(+57.02)GAPSATQPATAETQHIADQV,23.62,2488.0669,23,3.4,830.3657,30.11,8568000.0,7,F7:11947,pep9,3,3,sp|P04080|CYTB_HUMAN,Oxidation (M); Acetylation (Protein N-term); Carbamidomethylation,M1:Oxidation (M):1000.00;M1:Acetylation (Protein N-term):1000.00;M2:Oxidation (M):1000.00;C3:Carbamidomethylation:1000.00,PEAKS DB
6838,ASAQPPPPPPP,23.61,1054.5447,11,4.3,528.2819,22.44,207320000.0,8,F8:8816,pep9,5,5,sp|Q9ULL5|PRR12_HUMAN,,,PEAKS DB
6846,RGPGPFSPPVRY,23.59,1328.6989,12,3.5,443.9084,28.06,1060900.0,9,F9:11007,pep9,3,3,sp|Q13332|PTPRS_HUMAN,,,PEAKS DB
6887,VVGVPGAGVPGVGVPGAGIPVVP,23.45,1950.1301,23,-1.2,976.0712,46.82,0.0,7,F7:21401,pep9,0,0,sp|P15502|ELN_HUMAN,,,PEAKS DB
6946,GDVC(+57.02)QDC(+57.02)IQM(+15.99)VTDIQ,23.29,1796.7379,15,1.9,899.3779,31.3,4331400.0,7,F7:12639,pep9,1,1,sp|P07602|SAP_HUMAN,Carbamidomethylation; Oxidation (M),C4:Carbamidomethylation:1000.00;C7:Carbamidomethylation:1000.00;M10:Oxidation (M):1000.00,PEAKS DB
6949,C(+57.02)HGDLLEC(+57.02),23.28,1002.3899,8,1.3,502.2029,22.91,0.0,9,F9:8280,pep9,0,0,sp|P02768|ALBU_HUMAN,Carbamidomethylation,C1:Carbamidomethylation:1000.00;C8:Carbamidomethylation:1000.00,PEAKS DB
6963,DINTDGAVNFQE,23.25,1321.5786,12,-0.5,661.7963,27.87,25104000.0,7,F7:11192,pep9,2,2,sp|P05109|S10A8_HUMAN,,,PEAKS DB
7030,DYVSQFEGSALGKQLNLK,23.1,1996.0265,18,3.7,666.3519,39.49,362960.0,9,F9:17275,pep9,1,1,sp|P02647|APOA1_HUMAN,,,PEAKS DB
7032,DEPPQSPWDRVKDLA,23.1,1751.8478,15,3.3,584.9584,35.98,156450000.0,9,F9:15168,pep9,4,4,sp|P02647|APOA1_HUMAN,,,PEAKS DB
7035,PGPRGRTGDAGPVGPPGPPGPPGPPGPPS,23.09,2578.304,29,-16.5,1290.1379,23.72,0.0,7,F7:8342,pep9,0,0,sp|P02452|CO1A1_HUMAN,,,PEAKS DB
7084,PLGPYPPPYPPPAPGIPP,22.96,1822.9657,18,3.9,912.4937,39.1,23525000.0,7,F7:17345,pep9,5,5,sp|Q9NZ81|PRR13_HUMAN,,,PEAKS DB
7096,E(+42.01)EEIAALVIDNGSGM(+15.99)C(+57.02)KAG,22.94,2020.9081,19,0.7,1011.462,46.01,5706900.0,7,F7:20918,pep9,4,4,sp|P63261|ACTG_HUMAN,Acetylation (Protein N-term); Oxidation (M); Carbamidomethylation,E1:Acetylation (Protein N-term):1000.00;M15:Oxidation (M):1000.00;C16:Carbamidomethylation:1000.00,PEAKS DB
7106,AVDPDEPIHGPPFDFSL,22.9,1851.8678,17,3.0,926.9439,46.37,1264000.0,9,F9:21067,pep9,1,1,sp|Q02487|DSC2_HUMAN,,,PEAKS DB
7122,DADLADGVSGGEGKGGSDGGGSHRKEGEEADAPGVIPGIVGAVV,22.87,4044.926,44,-1.8,1012.2369,40.18,80827000.0,9,F9:17605,pep9,3,3,sp|P14209|CD99_HUMAN,,,PEAKS DB
7169,FIYGHYKQATVGDINTERPGM(+15.99)L,22.75,2525.2373,22,5.5,632.3201,29.11,2735000.0,9,F9:11577,pep9,1,1,sp|P07108|ACBP_HUMAN,Oxidation (M),M21:Oxidation (M):1000.00,PEAKS DB
7190,ADIAPSTDDLASL,22.72,1287.6194,13,-0.1,644.8169,37.47,52758000.0,7,F7:16168,pep9,3,3,sp|Q13361|MFAP5_HUMAN,,,PEAKS DB
7218,DLGDVGPPIPSPG,22.64,1219.6084,13,-0.3,610.8113,33.75,8781200.0,7,F7:14004,pep9,1,1,sp|Q6UX06|OLFM4_HUMAN,,,PEAKS DB
7253,VGEPGAMGLPGLEGFPGVKGDRGPAGP(+13.98)P,22.56,2629.2957,28,-10.9,877.4296,24.7,55968000.0,8,F8:8814,pep9,1,1,sp|Q14993|COJA1_HUMAN,Proline oxidation to pyroglutamic acid,P27:Proline oxidation to pyroglutamic acid:17.01,PEAKS DB
7274,LPPPPPPPPAPAP,22.5,1243.6964,13,-0.6,622.8551,25.31,28905000.0,7,F7:9201,pep9,7,7,sp|Q7Z5R6|AB1IP_HUMAN,,,PEAKS DB
7298,GC(+57.02)TKVPEPGYTKVPEPGSIK,22.46,2143.0984,20,2.9,536.7834,24.1,317790.0,9,F9:8931,pep9,1,1,sp|Q9UBC9|SPRR3_HUMAN,Carbamidomethylation,C2:Carbamidomethylation:1000.00,PEAKS DB
7373,PGPPGPPGPPGIQG,22.28,1223.6298,14,4.4,612.8248,21.59,21761000.0,7,F7:7010,pep9,6,6,sp|Q14993|COJA1_HUMAN,,,PEAKS DB
7388,GPM(+15.99)GPPGPPGPRGPQGPNGADGPQGPPGSVGSVGGVGEKGEPGEAGNPGP,22.24,4434.0684,50,-11.7,1109.5114,17.02,0.0,9,F9:5245,pep9,0,0,sp|P12107|COBA1_HUMAN,Oxidation (M),M3:Oxidation (M):1000.00,PEAKS DB
7396,GPPGPKGDC(+57.02)GLPGPPGLPGLPGIPGARGP(+13.98)RGPPGP,22.22,3216.6614,35,-19.1,805.1572,21.79,1949100.0,9,F9:7591,pep9,1,1,sp|Q8IZC6|CORA1_HUMAN,Carbamidomethylation; Proline oxidation to pyroglutamic acid,C9:Carbamidomethylation:1000.00;P29:Proline oxidation to pyroglutamic acid:0.00,PEAKS DB
7408,SLPELEQQQEQQQEQQQEQVQMLAPLES,22.19,3322.5623,28,-0.9,1108.527,40.79,161110000.0,7,F7:18320,pep9,4,4,sp|P06727|APOA4_HUMAN,,,PEAKS DB
7449,PLPPPPLPPPPPPP,22.11,1408.8118,14,3.2,705.4154,34.3,63225000.0,7,F7:14225,pep9,12,12,sp|O15054|KDM6B_HUMAN,,,PEAKS DB
7455,A(+42.01)TLKDQLIYN,22.1,1219.6448,10,0.5,610.83,35.11,55678000.0,7,F7:15196,pep9,2,2,sp|P00338|LDHA_HUMAN,Acetylation (Protein N-term),A1:Acetylation (Protein N-term):1000.00,PEAKS DB
7463,LLIHEVLAPGC(+57.02)LDAF,22.09,1666.8752,15,2.0,834.4466,45.61,100990.0,9,F9:20538,pep9,1,1,sp|P09211|GSTP1_HUMAN,Carbamidomethylation,C11:Carbamidomethylation:1000.00,PEAKS DB
7571,GPAGFAGPP(+13.98)GADGQPGAKGEQGEAGQKGDAGAPGPQGPSGAPG,21.86,3722.6943,43,-8.7,1241.8947,21.57,0.0,8,F8:6685,pep9,0,0,sp|P02458|CO2A1_HUMAN,Proline oxidation to pyroglutamic acid,P9:Proline oxidation to pyroglutamic acid:0.00,PEAKS DB
7586,VLC(+57.02)DDVIC(+57.02)DET,21.82,1337.5479,11,0.5,669.7816,29.57,21175000.0,7,F7:11634,pep9,2,2,sp|P02452|CO1A1_HUMAN,Carbamidomethylation,C3:Carbamidomethylation:1000.00;C8:Carbamidomethylation:1000.00,PEAKS DB
7590,EIPLTVTHPVVR,21.81,1359.7874,12,3.2,454.2712,27.53,279140.0,9,F9:10724,pep9,1,1,,,,PEAKS DB
7597,ATEHLSTLSEKAKPALEDLR,21.79,2208.175,20,2.9,553.0526,26.55,131840.0,9,F9:10205,pep9,1,1,sp|P02647|APOA1_HUMAN,,,PEAKS DB
7614,FPSIVGRP,21.76,871.4916,8,3.5,436.7546,29.73,188290.0,9,F9:11989,pep9,2,2,sp|P60709|ACTB_HUMAN:sp|P63261|ACTG_HUMAN:sp|P62736|ACTA_HUMAN:sp|P63267|ACTH_HUMAN,,,PEAKS DB
7628,GRVPFNGQDPVKGQVSVKG,21.74,1968.0541,19,3.3,493.0224,22.97,458080.0,9,F9:8247,pep9,1,1,sp|P19957|ELAF_HUMAN,,,PEAKS DB
7658,RVAPEEHPVL,21.68,1145.6193,10,2.0,573.8181,21.79,350440.0,9,F9:7678,pep9,1,1,sp|P60709|ACTB_HUMAN:sp|P63261|ACTG_HUMAN,,,PEAKS DB
7661,PGVGGPPGLPGPVGPAGAKGM(+15.99),21.68,1784.9243,21,2.9,447.2397,15.58,899550.0,9,F9:4664,pep9,1,1,sp|Q03692|COAA1_HUMAN,Oxidation (M),M21:Oxidation (M):1000.00,PEAKS DB
7671,PPGPPGP(+13.98)RGPPGPP,21.66,1289.6516,14,-7.5,645.8282,24.17,23969000.0,7,F7:7980,pep9,1,1,sp|Q96A83|COQA1_HUMAN,Proline oxidation to pyroglutamic acid,P7:Proline oxidation to pyroglutamic acid:18.53,PEAKS DB
7679,VTKC(+57.02)C(+57.02)TESLVNRRPC(+57.02)F,21.64,2025.9547,16,3.3,507.4977,24.93,924750.0,9,F9:9286,pep9,1,1,sp|P02768|ALBU_HUMAN,Carbamidomethylation,C4:Carbamidomethylation:1000.00;C5:Carbamidomethylation:1000.00;C15:Carbamidomethylation:1000.00,PEAKS DB
7680,AELQEGARQKLHELQEK,21.64,2006.0544,17,2.9,502.5223,21.98,206320.0,9,F9:7780,pep9,1,1,sp|P02647|APOA1_HUMAN,,,PEAKS DB
7704,E(+42.01)EEIAALVIDNGSGMC(+57.02)KAGFAGDDAPRAVFPSIVGRPRH,21.61,4151.0317,39,-14.2,1384.6649,52.68,71029.0,8,F8:23942,pep9,1,1,sp|P63261|ACTG_HUMAN,Acetylation (Protein N-term); Carbamidomethylation,E1:Acetylation (Protein N-term):1000.00;C16:Carbamidomethylation:1000.00,PEAKS DB
7717,DLAGRDLTDYLMK,21.58,1509.7498,13,2.6,755.8841,36.28,0.0,9,F9:15443,pep9,0,0,sp|P60709|ACTB_HUMAN:sp|P63261|ACTG_HUMAN:sp|P62736|ACTA_HUMAN:sp|P63267|ACTH_HUMAN,,,PEAKS DB
7732,GVGVAPGVGVAPGVGLAPGVGVAPGVGVAPGVGVAPGIGPGG,21.55,3351.8665,42,-0.6,838.9734,45.45,1151900.0,7,F7:20655,pep9,1,1,sp|P15502|ELN_HUMAN,,,PEAKS DB
7748,C(+57.02)EEETTALVC(+57.02)DNGSGLC(+57.02)KAG,21.52,2169.8977,20,9.2,1085.9661,28.55,2820500.0,7,F7:10988,pep9,2,2,sp|P63267|ACTH_HUMAN,Carbamidomethylation,C1:Carbamidomethylation:1000.00;C10:Carbamidomethylation:1000.00;C17:Carbamidomethylation:1000.00,PEAKS DB
7753,DAPSPLPETTENVVC(+57.02),21.5,1627.7399,15,3.7,814.8802,30.26,30520000.0,7,F7:11994,pep9,2,2,sp|P01903|DRA_HUMAN,Carbamidomethylation,C15:Carbamidomethylation:1000.00,PEAKS DB
7774,TPTVQVTPQL,21.45,1082.5972,10,-3.7,542.3038,32.87,1018400.0,7,F7:13599,pep9,1,1,sp|P98160|PGBM_HUMAN,,,PEAKS DB
7800,SDRVTKC(+57.02)C(+57.02)TESLVNRRPC(+57.02)FSAL,21.42,2655.2678,22,3.7,664.8267,28.76,587600.0,9,F9:11395,pep9,1,1,sp|P02768|ALBU_HUMAN,Carbamidomethylation,C7:Carbamidomethylation:1000.00;C8:Carbamidomethylation:1000.00;C18:Carbamidomethylation:1000.00,PEAKS DB
7816,LPQPPPPPPPPPP,21.39,1326.7335,13,1.8,664.3752,25.4,63400000.0,7,F7:9295,pep9,2,2,sp|Q5U5Q3|MEX3C_HUMAN,,,PEAKS DB
7838,PPPQPPPPPPPP,21.36,1213.6494,12,0.2,405.5572,23.08,417030.0,7,F7:8003,pep9,1,1,sp|Q86TG7|PEG10_HUMAN,,,PEAKS DB
7861,LGLSNIKFRPG,21.32,1200.6979,11,2.2,401.2408,31.0,109700.0,9,F9:12671,pep9,1,1,sp|P15941|MUC1_HUMAN,,,PEAKS DB
7872,YGEMADC(+57.02)C(+57.02)A,21.3,1075.3409,9,-0.5,538.6775,18.8,121110.0,8,F8:5129,pep9,1,1,sp|P02768|ALBU_HUMAN,Carbamidomethylation,C7:Carbamidomethylation:1000.00;C8:Carbamidomethylation:1000.00,PEAKS DB
7878,M(+42.01)NSLSEANTKF,21.28,1282.5863,11,0.6,642.3008,36.67,2944600.0,7,F7:15758,pep9,1,1,sp|P48594|SPB4_HUMAN,Acetylation (Protein N-term),M1:Acetylation (Protein N-term):1000.00,PEAKS DB
7885,DIVM(+15.99)TQSPDSL,21.27,1220.5594,11,1.6,611.288,28.42,11773000.0,7,F7:11010,pep9,2,2,,Oxidation (M),M4:Oxidation (M):1000.00,PEAKS DB
7948,NSGKVDIVAINDPFIDLN,21.15,1943.0,18,-0.3,972.507,44.26,683150.0,9,F9:19885,pep9,1,1,sp|P04406|G3P_HUMAN,,,PEAKS DB
7990,AIQDPRLFAEEKAVADTRDQADGSRASVDSGSSEEQGGSS,21.09,4122.896,40,7.3,1031.7388,27.32,0.0,9,F9:10624,pep9,0,0,sp|P01833|PIGR_HUMAN,,,PEAKS DB
7997,PMGPSGP(+13.98)RGLPGP(+13.98)PGAPGP,21.07,1722.8147,19,-4.3,862.4109,20.75,914420.0,8,F8:6118,pep9,1,1,sp|P02452|CO1A1_HUMAN,Proline oxidation to pyroglutamic acid,P7:Proline oxidation to pyroglutamic acid:0.00;P13:Proline oxidation to pyroglutamic acid:0.00,PEAKS DB
8010,QPAGPAAPPP,21.04,901.4657,10,5.8,451.7427,31.03,5200900.0,8,F8:11937,pep9,1,1,sp|O95466|FMNL1_HUMAN,,,PEAKS DB
8033,AQPVQVAEGSEPDGF,20.99,1529.6997,15,1.7,765.8584,30.85,0.0,7,F7:12469,pep9,0,0,sp|P06396|GELS_HUMAN,,,PEAKS DB
8038,DSWDPAPPPSDPGV,20.98,1435.6255,14,2.1,718.8215,30.96,3812100.0,7,F7:12442,pep9,1,1,,,,PEAKS DB
8070,GTLSAPVVSIHPPQL,20.93,1514.8457,15,4.4,758.4335,38.83,488430.0,9,F9:16866,pep9,1,1,sp|P98160|PGBM_HUMAN,,,PEAKS DB
8071,PLPQPPPPPPPPP,20.92,1326.7335,13,1.5,664.375,29.55,10221000.0,7,F7:12107,pep9,1,1,sp|Q5U5Q3|MEX3C_HUMAN,,,PEAKS DB
8077,IAVEWESNGQPENN,20.92,1585.7008,14,-1.2,793.8568,29.15,1568200.0,7,F7:11506,pep9,1,1,sp|P01857|IGHG1_HUMAN,,,PEAKS DB
8155,PIPPPPPPPPGPPPPPTF,20.77,1794.9708,18,0.5,599.3312,36.39,10962000.0,7,F7:15650,pep9,2,2,sp|Q8TF74|WIPF2_HUMAN,,,PEAKS DB
8161,GPPGPPGPPS,20.76,858.4235,10,1.2,430.2195,17.6,143740.0,8,F8:4573,pep9,1,1,sp|P39060|COIA1_HUMAN:sp|P02452|CO1A1_HUMAN:sp|Q14031|CO4A6_HUMAN,,,PEAKS DB
8178,KPRPPPPPPP,20.72,1078.6287,10,-8.1,540.3173,25.75,9197800.0,7,F7:9361,pep9,3,3,sp|Q8N9Z2|CC71L_HUMAN,,,PEAKS DB
8189,FEYPSNAVEEVTQNNFRL,20.71,2156.0173,18,-1.9,1079.0139,43.42,0.0,9,F9:19453,pep9,0,0,sp|Q14624|ITIH4_HUMAN,,,PEAKS DB
8232,A(+42.01)VADLALIPDVDIDSDGVFK,20.62,2114.0781,20,2.6,705.7018,53.63,211500.0,7,F7:25317,pep9,1,1,sp|Q9NRX4|PHP14_HUMAN,Acetylation (Protein N-term),A1:Acetylation (Protein N-term):1000.00,PEAKS DB
8242,PGREGP(+13.98)PGFPGLPGPPGP(+13.98)PG,20.61,1863.8903,20,-12.3,622.2964,20.6,1470900.0,8,F8:6047,pep9,1,1,sp|P39060|COIA1_HUMAN,Proline oxidation to pyroglutamic acid,P6:Proline oxidation to pyroglutamic acid:0.00;P18:Proline oxidation to pyroglutamic acid:0.00,PEAKS DB
8267,PGAKGDRGFDGLPGLPGDKGHRGERGPQGPPGP,20.55,3232.6238,33,-7.9,809.1569,20.24,19308000.0,9,F9:7169,pep9,1,1,sp|P12107|COBA1_HUMAN,,,PEAKS DB
8270,LPPVLLPGAAG,20.55,1003.6066,11,0.0,502.8105,41.75,43915000.0,7,F7:18826,pep9,3,3,,,,PEAKS DB
8275,PGSLLPPPPPPP,20.54,1164.6542,12,1.0,583.335,35.4,659450.0,7,F7:15111,pep9,1,1,sp|Q9Y4D1|DAAM1_HUMAN,,,PEAKS DB
8302,DPGEAGPIGPKGYRGDEGP,20.49,1867.87,19,-19.3,467.9658,11.26,10581.0,9,F9:2730,pep9,1,1,sp|P12109|CO6A1_HUMAN,,,PEAKS DB
8304,DSGDGVTHTVPIYE,20.49,1488.6732,14,2.1,745.3455,27.26,1050400.0,8,F8:10044,pep9,2,2,sp|P60709|ACTB_HUMAN:sp|P63261|ACTG_HUMAN,,,PEAKS DB
8334,KQNC(+57.02)ELFEQLG,20.44,1364.6394,11,0.1,683.327,32.83,615260.0,9,F9:13710,pep9,1,1,sp|P02768|ALBU_HUMAN,Carbamidomethylation,C4:Carbamidomethylation:1000.00,PEAKS DB
8384,PGERGDKGTPGMQGRRGEPGRYGPPGFHRGEPGEKGQPGPPGP,20.36,4390.1274,43,-0.4,1098.5387,27.57,3886300.0,9,F9:10649,pep9,1,1,sp|P53420|CO4A4_HUMAN,,,PEAKS DB
8390,ASRPEAFNTPFLNID,20.36,1690.8314,15,1.1,846.424,41.66,589960.0,9,F9:18443,pep9,1,1,sp|P60985|KTDAP_HUMAN,,,PEAKS DB
8412,HPPPPPPPP,20.33,931.4915,9,1.3,466.7537,15.86,788290.0,9,F9:4695,pep9,1,1,,,,PEAKS DB
8425,PPLPPPPPPAP,20.32,1075.6066,11,0.7,538.8109,28.66,6404800.0,7,F7:11158,pep9,1,1,,,,PEAKS DB
8439,PNFSGNWKIIRSEN,20.29,1660.8322,14,2.3,554.6193,30.18,63035.0,9,F9:12279,pep9,1,1,sp|P29373|RABP2_HUMAN,,,PEAKS DB
8448,MPIPPPPPPPP,20.27,1135.61,11,15.3,568.821,35.47,4676500.0,7,F7:15142,pep9,1,1,sp|Q8TF74|WIPF2_HUMAN,,,PEAKS DB
8454,DESMPDPLPEFT,20.26,1376.5806,12,2.6,689.2993,43.51,3379400.0,7,F7:19557,pep9,1,1,sp|P05997|CO5A2_HUMAN,,,PEAKS DB
8468,GEPLEPPEPSVP,20.24,1246.608,12,-0.3,624.3111,32.21,21954000.0,7,F7:13302,pep9,2,2,sp|Q9UM47|NOTC3_HUMAN,,,PEAKS DB
8510,PMPGPGPGP(+13.98)GPGPGPGP,20.17,1435.6554,17,14.0,718.845,18.46,4396100.0,7,F7:5279,pep9,1,1,sp|Q9P2N5|RBM27_HUMAN,Proline oxidation to pyroglutamic acid,P9:Proline oxidation to pyroglutamic acid:0.00,PEAKS DB
8536,PPLPPQPPPPPPPP,20.13,1423.7863,14,2.1,712.9019,27.7,20066000.0,7,F7:10807,pep9,1,1,sp|Q9UPS6|SET1B_HUMAN,,,PEAKS DB
8593,PPGRGGPP(+13.98)PPPPP,20.06,1232.6301,13,-8.5,617.3171,23.96,11945000.0,7,F7:8480,pep9,1,1,sp|P42768|WASP_HUMAN,Proline oxidation to pyroglutamic acid,P8:Proline oxidation to pyroglutamic acid:0.00,PEAKS DB
8622,DYFMPC(+57.02)PG,20.02,985.3674,8,0.2,493.691,32.52,14728000.0,8,F8:13009,pep9,1,1,sp|P02790|HEMO_HUMAN,Carbamidomethylation,C6:Carbamidomethylation:1000.00,PEAKS DB
8665,PGPPGRGVQGP(+13.98)QGEPGAPGLPGIQGLPGPRGPPGP,19.94,3215.6587,35,-12.9,804.9116,21.63,0.0,9,F9:7591,pep9,0,0,sp|Q07092|COGA1_HUMAN,Proline oxidation to pyroglutamic acid,P11:Proline oxidation to pyroglutamic acid:0.00,PEAKS DB
8692,VTKC(+57.02)C(+57.02)TESLVNRRPC(+57.02)FSAL,19.9,2297.1079,19,5.0,766.7137,29.71,931950.0,9,F9:11920,pep9,1,1,sp|P02768|ALBU_HUMAN,Carbamidomethylation,C4:Carbamidomethylation:1000.00;C5:Carbamidomethylation:1000.00;C15:Carbamidomethylation:1000.00,PEAKS DB
8701,GMPGPPGPP(+13.98)GPPG,19.89,1127.507,13,17.3,564.7705,15.74,2742800.0,7,F7:3824,pep9,1,1,sp|P39060|COIA1_HUMAN,Proline oxidation to pyroglutamic acid,P9:Proline oxidation to pyroglutamic acid:11.06,PEAKS DB
8712,APPPPPPPP,19.86,865.4697,9,-0.5,433.7419,18.09,970920.0,7,F7:5103,pep9,1,1,sp|Q9ULL5|PRR12_HUMAN:sp|O00401|WASL_HUMAN:sp|A6NGB9|WIPF3_HUMAN:sp|Q2VWA4|SKOR2_HUMAN:sp|Q9C0D6|FHDC1_HUMAN:sp|P46379|BAG6_HUMAN:sp|Q9Y4A5|TRRAP_HUMAN:sp|P16298|PP2BB_HUMAN:sp|Q9Y6W5|WASF2_HUMAN:sp|Q15637|SF01_HUMAN:sp|Q96QU1|PCD15_HUMAN,,,PEAKS DB
8716,NSGEPGAP(+13.98)GSKGDTGAKGEPGPVG,19.85,2135.9719,24,6.2,713.0023,14.65,299080.0,9,F9:4074,pep9,1,1,sp|P02452|CO1A1_HUMAN,Proline oxidation to pyroglutamic acid,P8:Proline oxidation to pyroglutamic acid:5.77,PEAKS DB
8717,VGEPGIVGEKGDRGMMGPPGVPGPKGSMGHPG,19.85,3040.468,32,3.9,761.1273,20.99,1116100.0,9,F9:7317,pep9,1,1,sp|Q8IZC6|CORA1_HUMAN,,,PEAKS DB
8736,GPPGPPGVP(+13.98)GLP(+13.98)G,19.82,1125.5454,13,2.0,563.7811,18.43,105920000.0,7,F7:5048,pep9,1,1,sp|P39060|COIA1_HUMAN,Proline oxidation to pyroglutamic acid,P9:Proline oxidation to pyroglutamic acid:30.41;P12:Proline oxidation to pyroglutamic acid:74.55,PEAKS DB
8742,PGTPGPPGPKGISGPPGNPGLPGEPGPVGGGGHPGQPG,19.81,3284.6326,38,-13.2,822.1545,20.42,725690.0,9,F9:7004,pep9,1,1,sp|P29400|CO4A5_HUMAN,,,PEAKS DB
8743,SMGSEVVAGNSVGP(+13.98)TMGAASSGP(+13.98)LPPPPPP,19.81,2772.2734,30,-9.7,925.0895,31.57,0.0,8,F8:12516,pep9,0,0,sp|Q96PY5|FMNL2_HUMAN,Proline oxidation to pyroglutamic acid,P14:Proline oxidation to pyroglutamic acid:16.94;P23:Proline oxidation to pyroglutamic acid:18.53,PEAKS DB
8766,LDLGPITR,19.76,883.5127,8,-12.7,442.758,33.07,357460.0,9,F9:13888,pep9,1,1,sp|P55259|GP2_HUMAN,,,PEAKS DB
8772,GAPGAPGAPGP(+13.98)VGPAGKSGDRGETGPAGP,19.75,2452.1731,29,-5.2,1227.0874,27.33,1094100.0,8,F8:9973,pep9,1,1,sp|P02452|CO1A1_HUMAN,Proline oxidation to pyroglutamic acid,P11:Proline oxidation to pyroglutamic acid:0.00,PEAKS DB
8789,DPPPPPLPAE,19.7,1028.5178,10,2.0,515.2672,25.9,909730.0,7,F7:9523,pep9,1,1,sp|Q8NES3|LFNG_HUMAN,,,PEAKS DB
8792,GPMGLMGPRGPPGAAGAPGPQGFQGPAGEPGEPGQTGPAGARGP,19.7,3944.8796,44,-1.1,987.2261,22.06,2969400.0,9,F9:7745,pep9,1,1,sp|P08123|CO1A2_HUMAN,,,PEAKS DB
8829,PPTPLPPPPPPPPGL,19.62,1469.8281,15,-0.8,735.9208,37.47,369010.0,7,F7:16329,pep9,1,1,sp|O14669|TMG2_HUMAN,,,PEAKS DB
8850,IIDVYHKYS,19.59,1136.5865,9,2.7,569.3021,22.96,116180.0,9,F9:8273,pep9,1,1,sp|P05109|S10A8_HUMAN,,,PEAKS DB
8871,TIVEEVQDGKVISSREQVHQTTR,19.55,2638.3674,23,2.6,660.6008,24.2,208510.0,9,F9:8939,pep9,1,1,sp|Q04695|K1C17_HUMAN,,,PEAKS DB
8902,ENNTPMC(+57.02)VC(+57.02)QDPTSC(+57.02)PAP,19.52,2076.801,18,0.9,1039.4087,25.31,3646100.0,7,F7:9149,pep9,2,2,sp|P09486|SPRC_HUMAN,Carbamidomethylation,C7:Carbamidomethylation:1000.00;C9:Carbamidomethylation:1000.00;C15:Carbamidomethylation:1000.00,PEAKS DB
8943,LPPPPPPQPPPPP,19.44,1326.7335,13,1.8,664.3752,25.4,34472000.0,7,F7:10723,pep9,1,1,sp|Q9BYN7|ZN341_HUMAN,,,PEAKS DB
8976,EPGVHPPIPP,19.39,1038.5498,10,2.9,520.2837,26.7,174030.0,8,F8:9716,pep9,1,1,sp|O95171|SCEL_HUMAN,,,PEAKS DB
8980,ALGGQC(+57.02)VKGDRGAPGIPGSPGSRGDPGIGVAGPPGPSGP,19.38,3505.7483,39,-14.1,877.432,18.67,3613300.0,9,F9:5975,pep9,1,1,sp|Q8NFW1|COMA1_HUMAN,Carbamidomethylation,C6:Carbamidomethylation:1000.00,PEAKS DB
9006,PGPPGLPGSVDLLRGEP(+13.98)GDC(+57.02)GLPGPPGPPGPPGP,19.33,3177.5552,34,-4.2,795.3927,19.15,0.0,9,F9:6306,pep9,0,0,sp|P53420|CO4A4_HUMAN,Proline oxidation to pyroglutamic acid; Carbamidomethylation,P17:Proline oxidation to pyroglutamic acid:0.00;C20:Carbamidomethylation:1000.00,PEAKS DB
9008,P(+13.98)VGPPGFTGPPGP(+13.98)PG,19.32,1357.6302,15,-3.1,679.8203,19.33,7062500.0,7,F7:5646,pep9,1,1,sp|P02462|CO4A1_HUMAN,Proline oxidation to pyroglutamic acid,P1:Proline oxidation to pyroglutamic acid:34.87;P13:Proline oxidation to pyroglutamic acid:7.32,PEAKS DB
