,Unnamed: 0,Peptide,-10lgP,Mass,Length,ppm,m/z,RT,Area,Fraction,Scan,Source File,#Feature,#Feature Type 1,Accession,PTM,AScore,Found By
0,102,ETYGEMADC(+57.02)C(+57.02)AKQEPERNEC(+57.02),61.83,2475.9399,20,-1.5,1238.9753,19.74,403230000.0,30,F30:6594,pep14,20,20,sp|P02768|ALBU_HUMAN,Carbamidomethylation,C9:Carbamidomethylation:1000.00;C10:Carbamidomethylation:1000.00;C20:Carbamidomethylation:1000.00,PEAKS DB
1,104,DRNTEQEEGGEAVHEVEVVIK,61.78,2366.135,21,-0.4,789.7186,31.46,119230000.0,30,F30:12870,pep14,20,20,sp|P00742|FA10_HUMAN,,,PEAKS DB
2,116,EDDYYDGAWC(+57.02)AEDDARTQ,61.49,2178.8071,18,0.0,1090.4109,27.89,230930.0,30,F30:10902,pep14,1,1,sp|Q8IUX7|AEBP1_HUMAN,Carbamidomethylation,C10:Carbamidomethylation:1000.00,PEAKS DB
3,125,EGTINVHDVETQFNQYK,60.87,2020.949,17,4.6,1011.4864,31.62,167690000.0,30,F30:12970,pep14,14,14,sp|P15941|MUC1_HUMAN,,,PEAKS DB
4,143,DDILASPPRLPEPQPYPGAPHHSS,60.16,2577.2612,24,3.3,1289.6421,31.11,3296600000.0,30,F30:12718,pep14,36,36,sp|P39060|COIA1_HUMAN,,,PEAKS DB
5,169,SGDQGASGPAGPSGPRGPPGPVGPSG,59.25,2199.0303,26,-0.7,1100.5216,20.25,2434500.0,30,F30:6875,pep14,3,3,sp|P02458|CO2A1_HUMAN,,,PEAKS DB
6,170,TEC(+57.02)C(+57.02)HGDLLEC(+57.02)ADDR,59.24,1849.7029,15,2.5,617.5764,22.44,2122400.0,30,F30:7983,pep14,3,3,sp|P02768|ALBU_HUMAN,Carbamidomethylation,C3:Carbamidomethylation:1000.00;C4:Carbamidomethylation:1000.00;C11:Carbamidomethylation:1000.00,PEAKS DB
7,264,TRC(+57.02)PDGQFC(+57.02)PVAC(+57.02)C(+57.02)LDPG,56.86,2108.8535,18,-4.1,1055.4297,30.33,92558000.0,30,F30:12248,pep14,19,19,sp|P28799|GRN_HUMAN,Carbamidomethylation,C3:Carbamidomethylation:1000.00;C9:Carbamidomethylation:1000.00;C13:Carbamidomethylation:1000.00;C14:Carbamidomethylation:1000.00,PEAKS DB
8,343,KHVLFGTVGVPEHTY,55.38,1682.8781,15,2.4,842.4483,28.53,94359000.0,30,F30:11287,pep14,15,15,sp|P04216|THY1_HUMAN,,,PEAKS DB
9,346,PDC(+57.02)DELADHIGFQ,55.26,1515.63,13,0.1,758.8224,31.79,1828200.0,30,F30:13119,pep14,2,2,sp|P02818|OSTCN_HUMAN,Carbamidomethylation,C3:Carbamidomethylation:1000.00,PEAKS DB
10,366,DVELPTNKDVC(+57.02)DPGNTKVM(+15.99),54.96,2146.9875,19,-2.0,716.6684,24.29,22258000.0,30,F30:8926,pep14,11,11,sp|P02774|VTDB_HUMAN,Carbamidomethylation; Oxidation (M),C11:Carbamidomethylation:1000.00;M19:Oxidation (M):1000.00,PEAKS DB
11,412,YGPGRIPPPPPAPYGPG,53.97,1688.8674,17,2.3,845.4429,27.67,60013000.0,30,F30:10969,pep14,20,20,sp|P02814|SMR3B_HUMAN,,,PEAKS DB
12,419,C(+57.02)RIC(+57.02)VC(+57.02)DNGKVLC(+57.02)DDVIC(+57.02)DE,53.9,2499.032,20,5.4,834.0224,29.83,426490.0,30,F30:12001,pep14,1,1,sp|P02452|CO1A1_HUMAN,Carbamidomethylation,C1:Carbamidomethylation:1000.00;C4:Carbamidomethylation:1000.00;C6:Carbamidomethylation:1000.00;C13:Carbamidomethylation:1000.00;C18:Carbamidomethylation:1000.00,PEAKS DB
13,435,DLKEGLLLYHTENNVGLK,53.58,2055.1001,18,0.3,1028.5576,32.42,52760000.0,30,F30:13499,pep14,13,13,sp|O75954|TSN9_HUMAN,,,PEAKS DB
14,628,EHAVEGDC(+57.02)DFQL,51.24,1418.5773,12,3.2,710.2982,30.63,50360000.0,30,F30:12389,pep14,14,14,sp|P02765|FETUA_HUMAN,Carbamidomethylation,C8:Carbamidomethylation:1000.00,PEAKS DB
15,723,EGLLLYHTENNVGLK,50.16,1698.894,15,-0.1,850.4542,31.44,48146000.0,30,F30:12873,pep14,11,11,sp|O75954|TSN9_HUMAN,,,PEAKS DB
16,811,TGLSMDGGGSPKGDVDPFYYDYETVRNGGLI,49.33,3279.5029,31,-0.8,1094.1741,44.35,40118000.0,30,F30:19555,pep14,5,5,sp|P54710|ATNG_HUMAN,,,PEAKS DB
17,851,SAEDVRKVC(+57.02)QDC(+57.02)PLL,49.03,1788.8499,15,7.1,895.4385,28.29,3353500.0,30,F30:11136,pep14,5,5,sp|P02765|FETUA_HUMAN,Carbamidomethylation,C9:Carbamidomethylation:1000.00;C12:Carbamidomethylation:1000.00,PEAKS DB
18,912,SGSVIDQSRVLNLG,48.54,1443.7681,14,0.4,722.8916,32.03,103320000.0,30,F30:13223,pep14,13,13,sp|P07911|UROM_HUMAN,,,PEAKS DB
19,973,PDC(+57.02)DELADHIGFQEA,48.04,1715.7097,15,-1.4,858.861,32.09,524520.0,30,F30:13305,pep14,1,1,sp|P02818|OSTCN_HUMAN,Carbamidomethylation,C3:Carbamidomethylation:1000.00,PEAKS DB
20,978,M(+15.99)(+42.01)FSSVAHLARANP,48.0,1457.7085,13,4.6,729.8649,30.92,4700600.0,30,F30:12608,pep14,6,6,sp|Q00325|MPCP_HUMAN,Oxidation (M); Acetylation (Protein N-term),M1:Oxidation (M):1000.00;M1:Acetylation (Protein N-term):1000.00,PEAKS DB
21,1017,HVLFGTVGVPEHTYR,47.75,1710.8842,15,2.9,571.3036,28.06,2282700.0,30,F30:11008,pep14,4,4,sp|P04216|THY1_HUMAN,,,PEAKS DB
22,1061,HTEC(+57.02)C(+57.02)HGDLLEC(+57.02)ADDR,47.45,1986.7618,16,-1.9,497.6968,20.55,2196000.0,30,F30:7039,pep14,5,5,sp|P02768|ALBU_HUMAN,Carbamidomethylation,C4:Carbamidomethylation:1000.00;C5:Carbamidomethylation:1000.00;C12:Carbamidomethylation:1000.00,PEAKS DB
23,1273,EGEEITC(+57.02)KDGRWQSIPL,45.89,2016.9574,17,-0.9,1009.4851,32.24,4354500.0,30,F30:13381,pep14,2,2,sp|P08603|CFAH_HUMAN,Carbamidomethylation,C7:Carbamidomethylation:1000.00,PEAKS DB
24,1325,VIDQSRVLNLGPIT,45.59,1523.8671,14,1.6,762.942,35.46,6723200000.0,30,F30:14689,pep14,24,24,sp|P07911|UROM_HUMAN,,,PEAKS DB
25,1329,DC(+57.02)PREC(+57.02)YC(+57.02)PPDFP,45.57,1711.6428,13,-2.7,856.8264,31.09,19793000.0,30,F30:12570,pep14,10,10,sp|P51888|PRELP_HUMAN,Carbamidomethylation,C2:Carbamidomethylation:1000.00;C6:Carbamidomethylation:1000.00;C8:Carbamidomethylation:1000.00,PEAKS DB
26,1370,DFGYC(+57.02)DLNYC(+57.02)EEAVEEETGDGLDEDSDRAIEGRTAT,45.26,4100.6646,36,-3.6,1367.8905,37.71,1477200.0,30,F30:16147,pep14,2,2,sp|P00734|THRB_HUMAN,Carbamidomethylation,C5:Carbamidomethylation:1000.00;C10:Carbamidomethylation:1000.00,PEAKS DB
27,1391,EPC(+57.02)RIC(+57.02)VC(+57.02)DNGKVLC(+57.02)DDVIC(+57.02)D,45.12,2596.0847,21,4.8,866.373,30.03,2310500.0,30,F30:12054,pep14,2,2,sp|P02452|CO1A1_HUMAN,Carbamidomethylation,C3:Carbamidomethylation:1000.00;C6:Carbamidomethylation:1000.00;C8:Carbamidomethylation:1000.00;C15:Carbamidomethylation:1000.00;C20:Carbamidomethylation:1000.00,PEAKS DB
28,1484,TGLSMDGGGSPKGDVDPFYYDYETVRNGG,44.45,3053.3347,29,-1.2,1018.7843,37.62,38552000.0,30,F30:16062,pep14,8,8,sp|P54710|ATNG_HUMAN,,,PEAKS DB
29,1494,EC(+57.02)C(+57.02)HGDLLEC(+57.02)A,44.37,1362.5002,11,1.3,682.2583,25.71,8442300.0,30,F30:9913,pep14,6,6,sp|P02768|ALBU_HUMAN,Carbamidomethylation,C2:Carbamidomethylation:1000.00;C3:Carbamidomethylation:1000.00;C10:Carbamidomethylation:1000.00,PEAKS DB
30,1576,FRISHELDSASSEVN,43.85,1689.7958,15,2.4,564.2739,25.04,50266000.0,30,F30:9296,pep14,15,14,sp|P10451|OSTP_HUMAN,,,PEAKS DB
31,1579,SDVVYTDWKKDKC(+57.02)EPL,43.84,1981.9454,16,2.6,661.6575,27.33,12048000.0,30,F30:10635,pep14,8,8,sp|P02763|A1AG1_HUMAN,Carbamidomethylation,C13:Carbamidomethylation:1000.00,PEAKS DB
32,1638,GNFLTGLGHR,43.43,1070.5621,10,2.8,536.2899,29.05,16651000.0,30,F30:11508,pep14,8,8,sp|P60022|DEFB1_HUMAN,,,PEAKS DB
33,1677,GFVPPPPPPPYGPGRIPPPPP,43.23,2129.146,21,0.4,1065.5807,34.21,0.0,30,F30:14260,pep14,0,0,sp|P02814|SMR3B_HUMAN,,,PEAKS DB
34,1684,SAPVVSIHPPQL,43.17,1243.6924,12,1.3,622.8542,33.9,643310000.0,30,F30:14095,pep14,12,12,sp|P98160|PGBM_HUMAN,,,PEAKS DB
35,1756,GC(+57.02)C(+57.02)PIPEAVC(+57.02)C(+57.02)SDHQHC(+57.02)C(+57.02)PQGYTC(+57.02)VAEGQC(+57.02)QRG,42.77,3937.5034,33,4.4,985.3875,24.25,1824800.0,30,F30:8934,pep14,3,3,sp|P28799|GRN_HUMAN,Carbamidomethylation,C2:Carbamidomethylation:1000.00;C3:Carbamidomethylation:1000.00;C10:Carbamidomethylation:1000.00;C11:Carbamidomethylation:1000.00;C17:Carbamidomethylation:1000.00;C18:Carbamidomethylation:1000.00;C24:Carbamidomethylation:1000.00;C30:Carbamidomethylation:1000.00,PEAKS DB
36,1818,DEC(+57.02)C(+57.02)FRSC(+57.02)DL,42.44,1360.4846,10,1.9,681.2509,25.35,147950.0,30,F30:9511,pep14,1,1,,Carbamidomethylation,C3:Carbamidomethylation:1000.00;C4:Carbamidomethylation:1000.00;C8:Carbamidomethylation:1000.00,PEAKS DB
37,1824,YDYETVRNGGLIFAG,42.41,1673.8049,15,0.6,837.9103,36.63,4657600.0,30,F30:15611,pep14,4,4,sp|P54710|ATNG_HUMAN,,,PEAKS DB
38,1930,VGGTGMFTVRMA,41.78,1225.5947,12,-0.1,613.8046,32.65,28943000.0,30,F30:13628,pep14,6,6,sp|P07911|UROM_HUMAN,,,PEAKS DB
39,2026,TGLSM(+15.99)DGGGSPKGDVDPF,41.27,1751.7672,18,1.2,876.8919,29.15,3860300.0,30,F30:11736,pep14,4,4,sp|P54710|ATNG_HUMAN,Oxidation (M),M5:Oxidation (M):1000.00,PEAKS DB
40,2088,VGGTGMFTVRM,40.95,1154.5576,11,0.5,578.2864,34.32,83052000.0,30,F30:14239,pep14,7,7,sp|P07911|UROM_HUMAN,,,PEAKS DB
41,2106,ETYGEM(+15.99)ADC(+57.02)C(+57.02)AKQEPERNEC(+57.02),40.88,2491.9348,20,-0.9,831.6515,15.83,86159000.0,30,F30:4703,pep14,11,11,sp|P02768|ALBU_HUMAN,Oxidation (M); Carbamidomethylation,M6:Oxidation (M):1000.00;C9:Carbamidomethylation:1000.00;C10:Carbamidomethylation:1000.00;C20:Carbamidomethylation:1000.00,PEAKS DB
42,2134,EDDGGPYGESEAPAPPGPGTRWP,40.76,2338.0137,23,-5.1,1170.0082,30.84,848360.0,30,F30:12572,pep14,3,3,sp|Q8N2S1|LTBP4_HUMAN,,,PEAKS DB
43,2197,DSPFLELWQSK,40.5,1348.6663,11,3.5,675.3428,45.11,2546800.0,30,F30:19956,pep14,2,2,,,,PEAKS DB
44,2258,TRC(+57.02)PDGQFC(+57.02)PVAC(+57.02)C(+57.02)LDPGGASYSC(+57.02)C(+57.02)RPLL,40.17,3373.4229,29,-2.4,1125.4789,37.82,3706200.0,30,F30:16270,pep14,3,3,sp|P28799|GRN_HUMAN,Carbamidomethylation,C3:Carbamidomethylation:1000.00;C9:Carbamidomethylation:1000.00;C13:Carbamidomethylation:1000.00;C14:Carbamidomethylation:1000.00;C24:Carbamidomethylation:1000.00;C25:Carbamidomethylation:1000.00,PEAKS DB
45,2263,DGVSGGEGKGGSDGGGSHRKEGEEADAPGVIPGIVGAVV,40.15,3559.7139,39,0.8,890.9365,38.83,209050000.0,30,F30:16863,pep14,5,5,sp|P14209|CD99_HUMAN,,,PEAKS DB
46,2341,GFVPPPPPPPYGPGRIPPPPPAPYGPG,39.78,2671.395,27,-4.5,1336.6987,35.86,303270000.0,30,F30:15172,pep14,11,11,sp|P02814|SMR3B_HUMAN,,,PEAKS DB
47,2383,DDFAAFVEKC(+57.02)C(+57.02)KADDKETC(+57.02)FAEEG,39.55,2841.1567,24,-0.3,948.0592,32.95,4416500.0,30,F30:13700,pep14,1,1,sp|P02768|ALBU_HUMAN,Carbamidomethylation,C10:Carbamidomethylation:1000.00;C11:Carbamidomethylation:1000.00;C19:Carbamidomethylation:1000.00,PEAKS DB
48,2412,NSEGKDFC(+57.02)GGVIIR,39.38,1550.7511,14,2.4,517.9255,25.07,233830.0,30,F30:9412,pep14,1,1,sp|P22891|PROZ_HUMAN,Carbamidomethylation,C8:Carbamidomethylation:1000.00,PEAKS DB
49,2441,C(+57.02)PPDFAGKFC(+57.02),39.25,1197.4946,10,0.7,599.755,27.85,14462000.0,30,F30:10983,pep14,7,7,sp|Q8N2S1|LTBP4_HUMAN,Carbamidomethylation,C1:Carbamidomethylation:1000.00;C10:Carbamidomethylation:1000.00,PEAKS DB
50,2444,EC(+57.02)KDGEC(+57.02)PW,39.24,1179.4325,9,1.2,590.7242,23.41,212350.0,30,F30:8620,pep14,3,3,sp|P00742|FA10_HUMAN,Carbamidomethylation,C2:Carbamidomethylation:1000.00;C7:Carbamidomethylation:1000.00,PEAKS DB
51,2445,LAHQIYQFTDKDKDNVAPR,39.24,2258.1443,19,2.8,565.5449,22.44,147600.0,30,F30:8055,pep14,1,1,sp|P35318|ADML_HUMAN,,,PEAKS DB
52,2522,KC(+57.02)EEDEEFTC(+57.02)RA,38.84,1572.6184,12,-0.9,525.213,18.66,400150.0,30,F30:6068,pep14,2,2,sp|P00747|PLMN_HUMAN,Carbamidomethylation,C2:Carbamidomethylation:1000.00;C10:Carbamidomethylation:1000.00,PEAKS DB
53,2541,NAWNIIQAEMR,38.75,1344.6609,11,3.3,673.34,41.41,5583700.0,30,F30:18145,pep14,3,3,sp|O75954|TSN9_HUMAN,,,PEAKS DB
54,2573,DVRKVC(+57.02)QDC(+57.02)PLL,38.55,1501.738,12,3.7,751.8791,27.71,1634400.0,30,F30:10846,pep14,4,4,sp|P02765|FETUA_HUMAN,Carbamidomethylation,C6:Carbamidomethylation:1000.00;C9:Carbamidomethylation:1000.00,PEAKS DB
55,2621,TSEVLNAAKVLLIETQR,38.35,1884.068,17,2.3,629.0314,42.41,1031500.0,30,F30:18710,pep14,3,3,sp|O15393|TMPS2_HUMAN,,,PEAKS DB
56,2803,C(+57.02)ELFTRKLC(+57.02),37.52,1225.5947,9,-0.2,409.5388,25.53,3557300.0,30,F30:9565,pep14,7,7,sp|P00742|FA10_HUMAN,Carbamidomethylation,C1:Carbamidomethylation:1000.00;C9:Carbamidomethylation:1000.00,PEAKS DB
57,2893,ALQPM(+15.99)VSALNIR,37.11,1327.7281,12,0.7,664.8718,30.26,5230100.0,30,F30:12211,pep14,8,8,sp|P07911|UROM_HUMAN,Oxidation (M),M5:Oxidation (M):1000.00,PEAKS DB
58,2999,LFGTVGVPEHTY,36.69,1318.6558,12,-0.1,660.3351,31.92,11638000.0,30,F30:13179,pep14,3,3,sp|P04216|THY1_HUMAN,,,PEAKS DB
59,3008,NYGIPAIVKL,36.66,1086.6437,10,4.0,544.3313,41.12,47505000.0,30,F30:17943,pep14,9,9,sp|P14923|PLAK_HUMAN,,,PEAKS DB
60,3066,DPLEPRREVC(+57.02)ELNPDC(+57.02)DE,36.43,2241.9629,18,-0.8,1121.9829,28.47,2285900.0,29,F29:11214,pep14,1,1,sp|P02818|OSTCN_HUMAN,Carbamidomethylation,C10:Carbamidomethylation:1000.00;C16:Carbamidomethylation:1000.00,PEAKS DB
61,3071,C(+57.02)RIC(+57.02)VC(+57.02)DNGKVLC(+57.02)DDVIC(+57.02)DET,36.41,2600.0798,21,5.9,867.7057,29.83,779600.0,30,F30:11990,pep14,1,1,sp|P02452|CO1A1_HUMAN,Carbamidomethylation,C1:Carbamidomethylation:1000.00;C4:Carbamidomethylation:1000.00;C6:Carbamidomethylation:1000.00;C13:Carbamidomethylation:1000.00;C18:Carbamidomethylation:1000.00,PEAKS DB
62,3129,PPPYGPGRIPPPPPAPYGPG,36.15,1980.0256,20,0.5,991.0206,29.73,1945100.0,30,F30:12029,pep14,3,3,sp|P02814|SMR3B_HUMAN,,,PEAKS DB
63,3332,ALQPMVSALNIR,35.21,1311.7333,12,1.3,656.8748,35.7,152800000.0,30,F30:14868,pep14,11,11,sp|P07911|UROM_HUMAN,,,PEAKS DB
64,3350,DIQYPDATDEDITSH,35.15,1718.7271,15,6.4,860.3726,25.53,4984800.0,29,F29:9457,pep14,3,3,sp|P10451|OSTP_HUMAN,,,PEAKS DB
65,3395,SC(+57.02)DTPPPC(+57.02)PRC(+57.02)PEPKSC(+57.02)DTPPPC(+57.02)PR,35.0,2964.2444,25,2.0,742.0699,17.29,3046500.0,30,F30:5385,pep14,2,2,sp|P01860|IGHG3_HUMAN,Carbamidomethylation,C2:Carbamidomethylation:1000.00;C8:Carbamidomethylation:1000.00;C11:Carbamidomethylation:1000.00;C17:Carbamidomethylation:1000.00;C23:Carbamidomethylation:1000.00,PEAKS DB
66,3417,ELC(+57.02)GLGLPRPPM,34.9,1338.6788,12,5.6,670.3505,37.02,1348600.0,30,F30:15774,pep14,2,2,sp|P07686|HEXB_HUMAN,Carbamidomethylation,C3:Carbamidomethylation:1000.00,PEAKS DB
67,3485,C(+57.02)REVKC(+57.02)PFPSRPDNG,34.62,1817.8301,15,-1.2,455.4643,18.41,942480.0,30,F30:5989,pep14,4,4,sp|P02749|APOH_HUMAN,Carbamidomethylation,C1:Carbamidomethylation:1000.00;C6:Carbamidomethylation:1000.00,PEAKS DB
68,3513,C(+57.02)C(+57.02)DLPFPEQAC(+57.02)C(+57.02),34.52,1555.5564,12,7.0,778.7875,32.64,4023600.0,29,F29:13613,pep14,2,2,sp|Q16610|ECM1_HUMAN,Carbamidomethylation,C1:Carbamidomethylation:1000.00;C2:Carbamidomethylation:1000.00;C11:Carbamidomethylation:1000.00;C12:Carbamidomethylation:1000.00,PEAKS DB
69,3566,E(+42.01)EEIAALVIDNGSGMC(+57.02)K,34.32,1876.8546,17,-1.0,939.4337,47.38,10799000.0,28,F28:21573,pep14,5,5,sp|P63261|ACTG_HUMAN,Acetylation (Protein N-term); Carbamidomethylation,E1:Acetylation (Protein N-term):1000.00;C16:Carbamidomethylation:1000.00,PEAKS DB
70,3567,DATDEDITSHMESEELN,34.31,1934.7687,17,5.0,968.3922,28.42,3181400.0,29,F29:11159,pep14,1,1,sp|P10451|OSTP_HUMAN,,,PEAKS DB
71,3593,A(+42.01)ASSSEISEMKGVEESPKVPGEGPGHSEAETGPPQ,34.21,3533.6104,35,-2.1,1178.8749,27.66,978650.0,30,F30:10788,pep14,2,2,,Acetylation (Protein N-term),A1:Acetylation (Protein N-term):1000.00,PEAKS DB
72,3602,YPLDMKVSLK,34.15,1192.6526,10,0.0,597.3336,30.26,97977.0,30,F30:12239,pep14,1,1,sp|P07911|UROM_HUMAN,,,PEAKS DB
73,3632,EWGC(+57.02)C(+57.02)PIPEAVC(+57.02)C(+57.02)SDHQHC(+57.02)C(+57.02)PQGYTC(+57.02)VAEGQC(+57.02)QRG,34.06,4252.6255,35,2.0,1064.1658,28.54,8262600.0,30,F30:11180,pep14,2,2,sp|P28799|GRN_HUMAN,Carbamidomethylation,C4:Carbamidomethylation:1000.00;C5:Carbamidomethylation:1000.00;C12:Carbamidomethylation:1000.00;C13:Carbamidomethylation:1000.00;C19:Carbamidomethylation:1000.00;C20:Carbamidomethylation:1000.00;C26:Carbamidomethylation:1000.00;C32:Carbamidomethylation:1000.00,PEAKS DB
74,3689,EMADC(+57.02)C(+57.02)AKQEPERNEC(+57.02)FLQHKDDNPNLPR,33.78,3600.5603,29,0.8,901.1481,21.73,1687200.0,30,F30:7632,pep14,1,1,sp|P02768|ALBU_HUMAN,Carbamidomethylation,C5:Carbamidomethylation:1000.00;C6:Carbamidomethylation:1000.00;C16:Carbamidomethylation:1000.00,PEAKS DB
75,3712,QPM(+15.99)VSALNIR,33.71,1143.6071,10,3.3,572.8127,26.4,10992000.0,30,F30:10116,pep14,4,4,sp|P07911|UROM_HUMAN,Oxidation (M),M3:Oxidation (M):1000.00,PEAKS DB
76,3784,DYETVRNGGLIFAGLA,33.41,1694.8628,16,-0.7,848.4381,43.85,2368200.0,30,F30:19360,pep14,1,1,sp|P54710|ATNG_HUMAN,,,PEAKS DB
77,3844,A(+42.01)AGVEAAAEVAATEIKMEEESGAPGVPSGNGAPGPK,33.2,3390.6248,36,-4.9,1131.2051,48.45,162310.0,29,F29:21711,pep14,1,1,sp|P52272|HNRPM_HUMAN,Acetylation (Protein N-term),A1:Acetylation (Protein N-term):1000.00,PEAKS DB
78,3880,FRDDTVC(+57.02)LA,33.03,1095.5018,9,1.5,548.759,25.71,18130000.0,30,F30:9816,pep14,8,8,sp|P02787|TRFE_HUMAN,Carbamidomethylation,C7:Carbamidomethylation:1000.00,PEAKS DB
79,3890,C(+57.02)C(+57.02)HGDLLEC(+57.02)A,32.97,1233.4576,10,0.0,617.7361,25.53,1743000.0,30,F30:9659,pep14,3,3,sp|P02768|ALBU_HUMAN,Carbamidomethylation,C1:Carbamidomethylation:1000.00;C2:Carbamidomethylation:1000.00;C9:Carbamidomethylation:1000.00,PEAKS DB
80,3953,C(+57.02)HGDLLEC(+57.02)A,32.71,1073.427,9,0.3,537.7209,25.4,0.0,30,F30:9590,pep14,0,0,sp|P02768|ALBU_HUMAN,Carbamidomethylation,C1:Carbamidomethylation:1000.00;C8:Carbamidomethylation:1000.00,PEAKS DB
81,4006,MPLSHLPLRDSPPLGR,32.53,1784.9719,16,2.6,447.2514,30.03,6635300.0,30,F30:11961,pep14,4,4,sp|Q8NBL3|T178A_HUMAN,,,PEAKS DB
82,4025,A(+42.01)ALMTPGTGAPPAPGDFSGEGSQGLPDPSPEPKQLPELIRM,32.45,4155.0293,41,2.4,1039.7626,45.68,25744000.0,29,F29:20435,pep14,3,3,sp|P19971|TYPH_HUMAN,Acetylation (Protein N-term),A1:Acetylation (Protein N-term):1000.00,PEAKS DB
83,4027,EIRC(+57.02)YC(+57.02)DAAHC(+57.02)VATGYMC(+57.02)KSEL,32.44,2693.1165,22,3.8,674.2889,29.22,1732300.0,30,F30:11632,pep14,4,4,sp|Q13145|BAMBI_HUMAN,Carbamidomethylation,C4:Carbamidomethylation:1000.00;C6:Carbamidomethylation:1000.00;C11:Carbamidomethylation:1000.00;C18:Carbamidomethylation:1000.00,PEAKS DB
84,4138,ETYGEMADC(+57.02)C(+57.02)AKQEPE,31.96,1916.7227,16,0.7,959.3693,21.21,376350.0,30,F30:7413,pep14,1,1,sp|P02768|ALBU_HUMAN,Carbamidomethylation,C9:Carbamidomethylation:1000.00;C10:Carbamidomethylation:1000.00,PEAKS DB
85,4167,DGTDFPQLC(+57.02)QLC(+57.02)PGC(+57.02)GC(+57.02),31.88,1983.7583,17,0.3,992.8867,37.24,2576800.0,28,F28:16101,pep14,3,3,sp|P02787|TRFE_HUMAN,Carbamidomethylation,C9:Carbamidomethylation:1000.00;C12:Carbamidomethylation:1000.00;C15:Carbamidomethylation:1000.00;C17:Carbamidomethylation:1000.00,PEAKS DB
86,4251,EC(+57.02)C(+57.02)QAADKAAC(+57.02)LLPK,31.57,1733.7899,15,2.4,578.9387,26.08,20041.0,30,F30:9927,pep14,1,1,sp|P02768|ALBU_HUMAN,Carbamidomethylation,C2:Carbamidomethylation:1000.00;C3:Carbamidomethylation:1000.00;C11:Carbamidomethylation:1000.00,PEAKS DB
87,4275,TGLSMDGGGSPKGDVDPFYYDYETVR,31.44,2825.249,26,0.8,942.7577,36.8,0.0,30,F30:15665,pep14,0,0,sp|P54710|ATNG_HUMAN,,,PEAKS DB
88,4301,TLFGDKLC(+57.02),31.38,952.4688,8,2.2,477.2427,29.62,1250900000.0,30,F30:11783,pep14,18,18,sp|P02768|ALBU_HUMAN,Carbamidomethylation,C8:Carbamidomethylation:1000.00,PEAKS DB
89,4401,A(+42.01)EAGAGLSETVTETTVTVTTEPENR,31.09,2604.2402,25,1.0,869.0883,38.62,8315700.0,28,F28:16897,pep14,6,6,sp|O60927|PP1RB_HUMAN,Acetylation (Protein N-term),A1:Acetylation (Protein N-term):1000.00,PEAKS DB
90,4420,VHTEC(+57.02)C(+57.02)HGDLLEC(+57.02)ADDRAD,31.01,2271.8943,19,-1.3,568.9801,21.91,99392.0,30,F30:7777,pep14,1,1,sp|P02768|ALBU_HUMAN,Carbamidomethylation,C5:Carbamidomethylation:1000.00;C6:Carbamidomethylation:1000.00;C13:Carbamidomethylation:1000.00,PEAKS DB
91,4474,NAWNIIQAEM(+15.99)R,30.84,1360.6558,11,-0.4,681.3349,32.35,0.0,30,F30:13461,pep14,0,0,sp|O75954|TSN9_HUMAN,Oxidation (M),M10:Oxidation (M):1000.00,PEAKS DB
92,4509,C(+57.02)EPAVPFPC(+57.02),30.72,1075.4467,9,5.5,538.7312,33.07,7075800.0,29,F29:13816,pep14,2,2,sp|P00740|FA9_HUMAN,Carbamidomethylation,C1:Carbamidomethylation:1000.00;C9:Carbamidomethylation:1000.00,PEAKS DB
93,4563,KVHTEC(+57.02)C(+57.02)HGDLLEC(+57.02)ADDRAD,30.54,2399.9893,20,2.3,601.006,20.27,115740.0,30,F30:6966,pep14,1,1,sp|P02768|ALBU_HUMAN,Carbamidomethylation,C6:Carbamidomethylation:1000.00;C7:Carbamidomethylation:1000.00;C14:Carbamidomethylation:1000.00,PEAKS DB
94,4711,SVPGSQTVVVKEITIHTK,30.03,1922.0836,18,2.8,481.5295,27.67,1456700.0,30,F30:10784,pep14,5,5,sp|O00592|PODXL_HUMAN,,,PEAKS DB
95,4717,WIQEYLEKALN,30.01,1405.7241,11,3.2,703.8716,42.0,1277100.0,30,F30:18486,pep14,1,1,sp|P48061|SDF1_HUMAN,,,PEAKS DB
96,4751,C(+57.02)VRGPDGVC(+57.02)L,29.9,1131.5165,10,1.3,566.7662,27.97,897380.0,30,F30:10932,pep14,3,3,sp|Q96AQ6|PBIP1_HUMAN,Carbamidomethylation,C1:Carbamidomethylation:1000.00;C9:Carbamidomethylation:1000.00,PEAKS DB
97,4754,DILASPPRLPEPQPYPGAPHH,29.88,2288.1702,21,-0.4,763.7303,31.36,3989800.0,30,F30:12811,pep14,3,3,sp|P39060|COIA1_HUMAN,,,PEAKS DB
98,4805,LQPM(+15.99)VSALNIR,29.71,1256.691,11,1.9,629.354,29.31,26516000.0,30,F30:11668,pep14,4,4,sp|P07911|UROM_HUMAN,Oxidation (M),M4:Oxidation (M):1000.00,PEAKS DB
99,4915,SEAAAVQPVIGISQRVR,29.3,1779.9955,17,5.8,594.3425,28.61,147400.0,30,F30:11337,pep14,1,1,sp|Q96FE7|P3IP1_HUMAN,,,PEAKS DB
100,4948,D(+42.01)DDIAALVVDNGSGM(+15.99)C(+57.02)KAG,29.22,1964.8456,19,0.5,983.4305,38.48,30340000.0,28,F28:16757,pep14,7,7,sp|P60709|ACTB_HUMAN,Acetylation (Protein N-term); Oxidation (M); Carbamidomethylation,D1:Acetylation (Protein N-term):1000.00;M15:Oxidation (M):1000.00;C16:Carbamidomethylation:1000.00,PEAKS DB
101,5137,PPPDERDHSHGPPLPQ,28.6,1774.8386,16,-0.6,444.7167,17.47,221550.0,30,F30:5453,pep14,1,1,sp|P04196|HRG_HUMAN,,,PEAKS DB
102,5189,TC(+57.02)PPC(+57.02)PAPELLGGPS,28.45,1551.7061,15,2.1,776.8619,32.84,600240000.0,28,F28:13813,pep14,9,9,sp|P01857|IGHG1_HUMAN,Carbamidomethylation,C2:Carbamidomethylation:1000.00;C5:Carbamidomethylation:1000.00,PEAKS DB
103,5198,PPPPPPPYGPGRIPPPPPAPYGPG,28.42,2368.2366,24,3.8,790.4225,31.06,2580100.0,30,F30:12686,pep14,1,1,sp|P02814|SMR3B_HUMAN,,,PEAKS DB
104,5202,LDTSPSEETDQEVFLGPPEAQSFLSSHTRIPR,28.4,3569.7273,32,3.2,893.442,40.57,2563300.0,30,F30:17686,pep14,1,1,sp|O14669|TMG2_HUMAN,,,PEAKS DB
105,5244,C(+57.02)PPC(+57.02)PAPPV,28.26,993.4412,9,5.8,497.7286,22.38,24014000.0,29,F29:7781,pep14,2,2,sp|P01859|IGHG2_HUMAN,Carbamidomethylation,C1:Carbamidomethylation:1000.00;C4:Carbamidomethylation:1000.00,PEAKS DB
106,5265,C(+57.02)C(+57.02)PIPEAVC(+57.02)C(+57.02)SDHQHC(+57.02)C(+57.02)PQGYTC(+57.02)VAEGQC(+57.02)QRG,28.18,3880.4819,32,4.3,971.1319,24.24,8366900.0,30,F30:8920,pep14,2,2,sp|P28799|GRN_HUMAN,Carbamidomethylation,C1:Carbamidomethylation:1000.00;C2:Carbamidomethylation:1000.00;C9:Carbamidomethylation:1000.00;C10:Carbamidomethylation:1000.00;C16:Carbamidomethylation:1000.00;C17:Carbamidomethylation:1000.00;C23:Carbamidomethylation:1000.00;C29:Carbamidomethylation:1000.00,PEAKS DB
107,5288,PLPFPFPSKL,28.11,1141.6536,10,-0.4,571.8338,46.71,3258200.0,30,F30:20749,pep14,1,1,sp|Q96SY0|INT14_HUMAN,,,PEAKS DB
108,5300,FRDDTVC(+57.02)L,28.07,1024.4647,8,-1.2,513.239,27.85,107190.0,30,F30:10930,pep14,1,1,sp|P02787|TRFE_HUMAN,Carbamidomethylation,C7:Carbamidomethylation:1000.00,PEAKS DB
109,5309,GPPGPPGPPGPPGPP,28.03,1273.6454,15,3.1,637.832,24.81,8746000.0,28,F28:8816,pep14,5,5,sp|P02452|CO1A1_HUMAN:sp|Q96A84|EMID1_HUMAN,,,PEAKS DB
110,5318,DETEVVEETVAEVTE,27.99,1677.7468,15,0.9,839.8815,42.9,256590000.0,28,F28:19262,pep14,7,7,sp|P09486|SPRC_HUMAN,,,PEAKS DB
111,5320,LKDKWDELKEAGVSDMK,27.99,1991.0033,17,1.9,498.7591,26.26,526040.0,30,F30:10026,pep14,2,2,sp|O00592|PODXL_HUMAN,,,PEAKS DB
112,5362,A(+42.01)ASLVGKKIVF,27.87,1173.7122,11,0.3,587.8635,39.19,709470.0,30,F30:17003,pep14,1,1,,Acetylation (Protein N-term),A1:Acetylation (Protein N-term):1000.00,PEAKS DB
113,5428,NDDC(+57.02)ELC(+57.02)VNVAC(+57.02)TGC(+57.02)L,27.6,1898.7267,16,0.6,950.3712,35.65,40989000.0,28,F28:15152,pep14,5,5,sp|Q16661|GUC2B_HUMAN,Carbamidomethylation,C4:Carbamidomethylation:1000.00;C7:Carbamidomethylation:1000.00;C12:Carbamidomethylation:1000.00;C15:Carbamidomethylation:1000.00,PEAKS DB
114,5441,DSDPITVTVPVEV,27.58,1369.6976,13,1.4,685.8571,40.0,432720000.0,28,F28:17640,pep14,7,7,sp|P10909|CLUS_HUMAN,,,PEAKS DB
115,5512,GSAIQALVGLARPL,27.39,1364.814,14,4.6,683.4174,48.39,154830.0,30,F30:21599,pep14,1,1,sp|Q8NC54|KCT2_HUMAN,,,PEAKS DB
116,5514,TC(+57.02)PPC(+57.02)PAPELLG,27.39,1310.5999,12,-0.5,656.3069,33.74,2015200000.0,28,F28:13844,pep14,14,14,sp|P01857|IGHG1_HUMAN,Carbamidomethylation,C2:Carbamidomethylation:1000.00;C5:Carbamidomethylation:1000.00,PEAKS DB
117,5575,PFVPGGPPPITPPTC(+57.02),27.16,1532.7697,15,2.1,767.3937,35.07,11483000.0,28,F28:14844,pep14,2,2,,Carbamidomethylation,C15:Carbamidomethylation:1000.00,PEAKS DB
118,5628,GDGEWEESEVKL,27.03,1376.6095,12,-2.0,689.3107,31.99,300920.0,30,F30:13264,pep14,1,1,sp|Q09666|AHNK_HUMAN,,,PEAKS DB
119,5634,PVPAPPPPPPPPPPAT,27.02,1524.834,16,1.3,509.2859,24.91,1164300.0,28,F28:8967,pep14,1,1,sp|Q9Y4A5|TRRAP_HUMAN,,,PEAKS DB
120,5642,PLPPPPPPPPPPPYY,27.0,1621.8544,15,1.5,541.6262,34.76,43061000.0,28,F28:14905,pep14,7,7,sp|Q7L0R7|RNF44_HUMAN,,,PEAKS DB
121,5708,PLPPPPPP,26.82,810.4639,8,4.8,406.2394,23.19,69265000.0,29,F29:8055,pep14,7,7,sp|Q16643|DREB_HUMAN:sp|O15054|KDM6B_HUMAN:sp|Q70E73|RAPH1_HUMAN:sp|O14669|TMG2_HUMAN:sp|Q9UPS6|SET1B_HUMAN:sp|Q9Y6X0|SETBP_HUMAN:sp|Q8WX93|PALLD_HUMAN:sp|Q86VE0|MYPOP_HUMAN:sp|Q96PY5|FMNL2_HUMAN:sp|Q7L0R7|RNF44_HUMAN:sp|Q96PN7|TREF1_HUMAN:sp|Q9ULL5|PRR12_HUMAN:sp|A6NGB9|WIPF3_HUMAN:sp|Q68DA7|FMN1_HUMAN:sp|Q8IZL8|PELP1_HUMAN:sp|Q9BYN7|ZN341_HUMAN:sp|P58401|NRX2B_HUMAN:sp|P42768|WASP_HUMAN:sp|P10323|ACRO_HUMAN,,,PEAKS DB
122,5709,PIPPPPPP,26.82,810.4639,8,4.8,406.2394,23.19,69265000.0,29,F29:8055,pep14,7,7,sp|P49750|YLPM1_HUMAN:sp|Q8TF74|WIPF2_HUMAN,,,PEAKS DB
123,5842,PLGPPTPLPPPPPPPP,26.4,1566.8809,16,1.5,784.4489,34.33,58676000.0,28,F28:14258,pep14,9,9,sp|O14669|TMG2_HUMAN,,,PEAKS DB
124,5900,KIETRDGKLVSESSDVLPK,26.22,2100.1426,19,1.8,526.0439,22.79,422370.0,30,F30:8177,pep14,1,1,sp|P05787|K2C8_HUMAN,,,PEAKS DB
125,6059,C(+57.02)PPC(+57.02)PAPP,25.8,894.3728,8,4.8,448.1938,18.15,2278000.0,29,F29:5266,pep14,4,4,sp|P01859|IGHG2_HUMAN,Carbamidomethylation,C1:Carbamidomethylation:1000.00;C4:Carbamidomethylation:1000.00,PEAKS DB
126,6192,GPPGPPGPPPP,25.42,965.497,11,4.7,483.7559,22.06,910320.0,29,F29:7435,pep14,2,2,sp|Q16630|CPSF6_HUMAN,,,PEAKS DB
127,6247,DFEQEMATAASSSSLEKSYELPDGQVITIGNE,25.25,3445.5718,32,5.1,1149.532,44.6,2684300.0,29,F29:20016,pep14,1,1,sp|P60709|ACTB_HUMAN:sp|P63261|ACTG_HUMAN,,,PEAKS DB
128,6401,DDNAFPFDIEGSSAVGRQDPPETSEPRVAL,24.85,3215.5005,30,-1.4,1072.8392,41.5,2588400.0,30,F30:18162,pep14,2,2,sp|Q16363|LAMA4_HUMAN,,,PEAKS DB
129,6427,TPLTHALPGLSEQEGQK,24.79,1804.9319,17,3.9,602.6536,27.74,70830.0,30,F30:10877,pep14,1,1,,,,PEAKS DB
130,6476,GFPGADGVAGP(+13.98)KGPAGERGSPGP(+13.98)AGP,24.57,2287.0618,26,12.1,1144.547,22.29,117710.0,29,F29:7520,pep14,1,1,sp|P02452|CO1A1_HUMAN,Proline oxidation to pyroglutamic acid,P11:Proline oxidation to pyroglutamic acid:8.28;P23:Proline oxidation to pyroglutamic acid:16.66,PEAKS DB
131,6533,EVVKC(+57.02)LPVTAPE,24.4,1340.7009,12,1.3,671.3586,26.45,236130.0,30,F30:10144,pep14,1,1,sp|P08603|CFAH_HUMAN,Carbamidomethylation,C5:Carbamidomethylation:1000.00,PEAKS DB
132,6556,FDELPEPPATFC(+57.02)DPEE,24.35,1891.7821,16,0.0,946.8983,37.87,37826000.0,28,F28:16446,pep14,5,5,sp|Q16643|DREB_HUMAN,Carbamidomethylation,C12:Carbamidomethylation:1000.00,PEAKS DB
133,6577,PVPPPPAPPPPPTF,24.28,1406.7598,14,1.5,469.9279,34.01,121410000.0,28,F28:14230,pep14,6,6,sp|O43516|WIPF1_HUMAN,,,PEAKS DB
134,6678,SAASPPLAETGAPRRF,24.0,1626.8478,16,2.6,543.2913,24.43,138710.0,30,F30:9109,pep14,1,1,sp|Q9UHG2|PCS1N_HUMAN,,,PEAKS DB
135,6710,PPPPPPPP(+13.98)P(+13.98)PEPETESEPEC(+57.02)C(+57.02),23.93,2363.9561,21,16.8,592.0036,21.55,5748500.0,29,F29:7313,pep14,1,1,,Proline oxidation to pyroglutamic acid; Carbamidomethylation,P8:Proline oxidation to pyroglutamic acid:0.00;P9:Proline oxidation to pyroglutamic acid:0.00;C20:Carbamidomethylation:1000.00;C21:Carbamidomethylation:1000.00,PEAKS DB
136,6738,TGLSM(+15.99)DGGGSPKGDVDPFYYDYETVRNGGLIF,23.86,3442.5662,32,-0.7,1148.5286,47.6,3862200.0,30,F30:21159,pep14,1,1,sp|P54710|ATNG_HUMAN,Oxidation (M),M5:Oxidation (M):1000.00,PEAKS DB
137,6786,IQYPDATDEDITSHMESEE,23.74,2208.9004,19,-2.2,1105.4551,30.91,3546800.0,28,F28:12400,pep14,2,2,sp|P10451|OSTP_HUMAN,,,PEAKS DB
138,6819,DDFLIYDRC(+57.02)GRLV,23.66,1640.798,13,0.0,547.9399,36.44,1620100.0,30,F30:15432,pep14,1,1,,Carbamidomethylation,C9:Carbamidomethylation:1000.00,PEAKS DB
139,6841,DYETVRNGGLIFAGL,23.61,1623.8257,15,4.0,812.9233,45.12,1412300.0,30,F30:19964,pep14,1,1,sp|P54710|ATNG_HUMAN,,,PEAKS DB
140,6851,YPLDMKVSL,23.58,1064.5576,9,0.5,533.2864,37.19,2315300.0,30,F30:15864,pep14,1,1,sp|P07911|UROM_HUMAN:sp|P55259|GP2_HUMAN,,,PEAKS DB
141,6861,IPPPPPAPYGP,23.55,1101.5858,11,0.0,551.8002,27.81,24176000.0,28,F28:10528,pep14,3,3,sp|P02814|SMR3B_HUMAN,,,PEAKS DB
142,6929,YC(+57.02)DLNYC(+57.02)EEA,23.32,1335.4747,10,6.7,668.7462,25.64,1255400.0,29,F29:9589,pep14,1,1,sp|P00734|THRB_HUMAN,Carbamidomethylation,C2:Carbamidomethylation:1000.00;C7:Carbamidomethylation:1000.00,PEAKS DB
143,6951,TLGVKQLIVGV,23.28,1125.7122,11,-0.9,563.8629,37.71,1334600.0,30,F30:16131,pep14,1,1,sp|Q5VTE0|EF1A3_HUMAN:sp|P68104|EF1A1_HUMAN,,,PEAKS DB
144,7002,DPTC(+57.02)EITQNTVC(+57.02)SP,23.17,1620.676,14,-4.0,811.342,24.58,15508000.0,28,F28:8710,pep14,4,4,sp|Q14956|GPNMB_HUMAN,Carbamidomethylation,C4:Carbamidomethylation:1000.00;C12:Carbamidomethylation:1000.00,PEAKS DB
145,7029,PPAVTGITFL,23.1,1014.575,10,1.1,508.2953,47.23,3088100.0,28,F28:21487,pep14,1,1,sp|P04075|ALDOA_HUMAN,,,PEAKS DB
146,7046,PTVFPVVPRLL,23.07,1236.7594,11,0.8,619.3875,46.54,985960.0,30,F30:20737,pep14,1,1,,,,PEAKS DB
147,7081,EFDDGAEETEEEVVAE,22.97,1796.7112,16,1.3,899.364,29.23,5082900.0,28,F28:11493,pep14,1,1,sp|P09486|SPRC_HUMAN,,,PEAKS DB
148,7140,A(+42.01)EAGAGLSETVTETTVTVTTEPENRS,22.83,2691.2722,26,-0.6,898.0975,38.35,35725.0,28,F28:16786,pep14,1,1,sp|O60927|PP1RB_HUMAN,Acetylation (Protein N-term),A1:Acetylation (Protein N-term):1000.00,PEAKS DB
149,7142,YGPGRIPPPPPAPYGPGIFPPPPP,22.82,2434.2837,24,2.3,812.4371,38.99,2471400.0,30,F30:16745,pep14,1,1,sp|P02814|SMR3B_HUMAN,,,PEAKS DB
150,7157,PPPPPPPPPPPPPPPLPP,22.78,1780.9915,18,0.9,594.6716,33.98,1374000.0,28,F28:14260,pep14,1,1,sp|Q9Y6V0|PCLO_HUMAN,,,PEAKS DB
151,7172,GIPEDSIFTMADRGEC(+57.02)VPGEQEPEPILIPRV,22.75,3450.6799,31,0.3,1151.2343,46.1,499970.0,30,F30:20510,pep14,1,1,sp|P02760|AMBP_HUMAN,Carbamidomethylation,C16:Carbamidomethylation:1000.00,PEAKS DB
152,7228,GMPGAPGPPGPPAEKGAKGAM(+15.99)GRDGATGPSGPQGP,22.62,3124.4817,35,-1.0,1042.4956,24.48,3503200.0,29,F29:8865,pep14,2,2,,Oxidation (M),M21:Oxidation (M):27.47,PEAKS DB
153,7245,SEVPAIDLARVLDLGPI,22.58,1776.9985,17,2.9,889.5091,54.1,60971.0,30,F30:24181,pep14,1,1,sp|P55259|GP2_HUMAN,,,PEAKS DB
154,7257,DVLC(+57.02)PDPQIVC(+57.02)PDLPC(+57.02),22.54,1896.8419,16,-3.9,949.4246,38.74,1300000.0,28,F28:16938,pep14,1,1,sp|P12110|CO6A2_HUMAN,Carbamidomethylation,C4:Carbamidomethylation:1000.00;C11:Carbamidomethylation:1000.00;C16:Carbamidomethylation:1000.00,PEAKS DB
155,7295,P(+13.98)RGPPGPPGLPGHG,22.47,1305.6577,14,-16.2,653.8256,21.53,315220000.0,28,F28:6590,pep14,4,4,sp|P27658|CO8A1_HUMAN,Proline oxidation to pyroglutamic acid,P1:Proline oxidation to pyroglutamic acid:9.58,PEAKS DB
156,7297,SLGLLKVW,22.46,914.5589,8,0.3,458.2869,43.72,11788000.0,30,F30:19351,pep14,1,1,sp|P07911|UROM_HUMAN,,,PEAKS DB
157,7316,EC(+57.02)PPC(+57.02)PAPPVAGPSVF,22.41,1680.7639,16,0.6,841.3898,36.98,2968800.0,28,F28:15911,pep14,2,2,sp|P01859|IGHG2_HUMAN,Carbamidomethylation,C2:Carbamidomethylation:1000.00;C5:Carbamidomethylation:1000.00,PEAKS DB
158,7344,GPPTPLPPPPPPPP,22.35,1356.7441,14,1.7,679.3805,29.42,7407200.0,28,F28:11894,pep14,2,2,sp|O14669|TMG2_HUMAN,,,PEAKS DB
159,7503,EGLRGPRGDQGPVGRTGEVG,22.0,1993.0089,20,0.2,499.2596,18.2,173450.0,30,F30:5872,pep14,1,1,sp|P08123|CO1A2_HUMAN,,,PEAKS DB
160,7552,DVWKPEPC(+57.02)RIC(+57.02)VC(+57.02)DNGKVLC(+57.02)DDVIC(+57.02)DET,21.91,3451.4976,28,0.2,863.8818,34.47,2429800.0,30,F30:14339,pep14,1,1,sp|P02452|CO1A1_HUMAN,Carbamidomethylation,C8:Carbamidomethylation:1000.00;C11:Carbamidomethylation:1000.00;C13:Carbamidomethylation:1000.00;C20:Carbamidomethylation:1000.00;C25:Carbamidomethylation:1000.00,PEAKS DB
161,7560,GPRGP(+13.98)PGDTGKDGPRGMPGVPGEPGKPGEQGLMGPLGP,21.88,3616.7515,38,-1.3,905.194,20.73,198570.0,30,F30:7195,pep14,1,1,sp|Q9BXS0|COPA1_HUMAN,Proline oxidation to pyroglutamic acid,P5:Proline oxidation to pyroglutamic acid:0.00,PEAKS DB
162,7625,A(+42.01)EDMETKI,21.75,977.4376,8,0.0,489.7261,28.92,9016700.0,28,F28:11215,pep14,3,3,sp|P14854|CX6B1_HUMAN,Acetylation (Protein N-term),A1:Acetylation (Protein N-term):1000.00,PEAKS DB
163,7637,PPPPPPPPPPPLPGP,21.72,1449.8019,15,-0.1,484.2745,31.3,834830.0,28,F28:12634,pep14,1,1,sp|Q96PY5|FMNL2_HUMAN,,,PEAKS DB
164,7653,C(+57.02)DLNYC(+57.02)E,21.69,972.3317,7,6.0,487.1739,20.13,1564700.0,29,F29:6268,pep14,2,2,sp|P00734|THRB_HUMAN,Carbamidomethylation,C1:Carbamidomethylation:1000.00;C6:Carbamidomethylation:1000.00,PEAKS DB
165,7657,EFDDGAEETEEEVVAENPC(+57.02),21.68,2167.8374,19,-0.9,1084.925,29.89,5895200.0,28,F28:11819,pep14,1,1,sp|P09486|SPRC_HUMAN,Carbamidomethylation,C19:Carbamidomethylation:1000.00,PEAKS DB
166,7702,LGPTPTTPPQPPDPSQPPPGP,21.61,2074.0371,21,-0.2,1038.0256,27.15,10269000.0,28,F28:10241,pep14,4,4,sp|O60927|PP1RB_HUMAN,,,PEAKS DB
167,7714,PPPPPPPPPPPPPLP,21.58,1489.8333,15,1.4,497.619,31.84,7667900.0,28,F28:13425,pep14,2,2,sp|O15054|KDM6B_HUMAN:sp|Q70E73|RAPH1_HUMAN:sp|Q96PY5|FMNL2_HUMAN:sp|Q9Y6V0|PCLO_HUMAN:sp|O60610|DIAP1_HUMAN:sp|P78362|SRPK2_HUMAN,,,PEAKS DB
168,7736,DETEVVEETVAEVTEVS,21.54,1863.8473,17,0.2,932.9312,47.14,30235000.0,28,F28:21402,pep14,2,2,sp|P09486|SPRC_HUMAN,,,PEAKS DB
169,7765,C(+57.02)EGFVC(+57.02)AQTGRC(+57.02)VNRRLLC(+57.02)NGDNDC(+57.02)GDQSDEANC(+57.02)R,21.46,4162.6938,35,-0.3,1041.6804,23.73,1836800.0,30,F30:8719,pep14,1,1,,Carbamidomethylation,C1:Carbamidomethylation:1000.00;C6:Carbamidomethylation:1000.00;C12:Carbamidomethylation:1000.00;C19:Carbamidomethylation:1000.00;C25:Carbamidomethylation:1000.00;C34:Carbamidomethylation:1000.00,PEAKS DB
170,7770,DC(+57.02)PQEC(+57.02)DC(+57.02)PPNFP,21.45,1634.58,13,1.6,818.2985,29.04,5440200.0,28,F28:11559,pep14,1,1,sp|Q06828|FMOD_HUMAN,Carbamidomethylation,C2:Carbamidomethylation:1000.00;C6:Carbamidomethylation:1000.00;C8:Carbamidomethylation:1000.00,PEAKS DB
171,7777,PPPLPPPPPPPPPP,21.44,1392.7805,14,1.6,697.3986,30.2,47425000.0,28,F28:11915,pep14,6,6,sp|O15054|KDM6B_HUMAN:sp|Q86VE0|MYPOP_HUMAN,,,PEAKS DB
172,7779,DVFPLPPPPPPLPSPG,21.44,1622.8707,16,0.9,812.4434,43.75,2657400.0,28,F28:19887,pep14,1,1,sp|Q8WX93|PALLD_HUMAN,,,PEAKS DB
173,7847,DGEPGTPGNPGPPGPPGPPGPPG,21.35,2000.9227,23,5.1,1001.4737,23.88,156810.0,28,F28:8376,pep14,1,1,sp|P02458|CO2A1_HUMAN,,,PEAKS DB
174,7930,P(+13.98)RGPPGPVGPSGKEGNPGPLGP(+13.98)IGPPGVRGSVGEAGPEGPPGEPGPPGPPGP,21.19,4698.3213,52,-13.7,1175.5715,19.79,6088100.0,28,F28:5870,pep14,1,1,sp|P05997|CO5A2_HUMAN,Proline oxidation to pyroglutamic acid,P1:Proline oxidation to pyroglutamic acid:16.66;P22:Proline oxidation to pyroglutamic acid:0.00,PEAKS DB
175,7941,GAKGEETGIDVTLPTGEVTVPGVSGDVSLPEIATGGLE,21.16,3650.8413,38,3.5,1217.9532,46.59,0.0,29,F29:20837,pep14,0,0,sp|Q09666|AHNK_HUMAN,,,PEAKS DB
176,7983,PMPPPLPPPPPPPPP,21.1,1523.8209,15,0.0,762.9177,33.35,33213000.0,28,F28:14029,pep14,2,2,sp|Q9UPS6|SET1B_HUMAN,,,PEAKS DB
177,7986,PGERGP(+13.98)RGTPGTRGPRGDPGEA,21.09,2187.0527,22,-15.6,730.0103,21.44,0.0,29,F29:7080,pep14,0,0,sp|P12109|CO6A1_HUMAN,Proline oxidation to pyroglutamic acid,P6:Proline oxidation to pyroglutamic acid:0.00,PEAKS DB
178,8031,MGPPGLPGIDGVKGDKGNP(+13.98)GWPGAPGVPGPKGDPGFQGM(+15.99)PGI,20.99,3991.9348,42,2.1,1331.655,22.36,648010.0,30,F30:7999,pep14,1,1,sp|P02462|CO4A1_HUMAN,Proline oxidation to pyroglutamic acid; Oxidation (M),P19:Proline oxidation to pyroglutamic acid:0.00;M39:Oxidation (M):39.02,PEAKS DB
179,8086,G(+42.01)DPDLLEVLAEEGEKVNKH,20.9,2133.0588,19,2.0,712.0283,44.48,1651200.0,30,F30:19682,pep14,1,1,,Acetylation (Protein N-term),G1:Acetylation (Protein N-term):1000.00,PEAKS DB
180,8100,LPPPLPPPPPPPPP,20.88,1408.8118,14,2.7,470.6125,32.62,3274700.0,28,F28:13531,pep14,2,2,sp|Q86VE0|MYPOP_HUMAN,,,PEAKS DB
181,8115,LSPVATPPPPPPPPPPPP,20.84,1750.9657,18,-0.4,876.4897,34.1,4899200.0,28,F28:14395,pep14,2,2,sp|Q6P5Q4|LMOD2_HUMAN,,,PEAKS DB
182,8146,PIPPPPPPPPGPPPPP,20.79,1546.8547,16,-1.6,516.6247,28.11,543830.0,28,F28:10768,pep14,1,1,sp|Q8TF74|WIPF2_HUMAN,,,PEAKS DB
183,8156,PPPPPPPPPPPPSY,20.76,1432.739,14,-0.1,478.5869,25.07,839500.0,28,F28:8965,pep14,1,1,sp|Q86TG7|PEG10_HUMAN,,,PEAKS DB
184,8173,PPPPPPPPPPPPLP,20.74,1392.7805,14,1.6,697.3986,30.2,15776000.0,28,F28:13261,pep14,1,1,sp|O15054|KDM6B_HUMAN:sp|Q70E73|RAPH1_HUMAN:sp|Q96PY5|FMNL2_HUMAN:sp|Q9Y6V0|PCLO_HUMAN:sp|O60610|DIAP1_HUMAN:sp|P78362|SRPK2_HUMAN,,,PEAKS DB
185,8197,GPPM(+15.99)PPPPPPPPPPP,20.7,1483.7533,15,-4.1,742.8809,24.65,1198100.0,28,F28:8647,pep14,2,2,sp|P42768|WASP_HUMAN,Oxidation (M),M4:Oxidation (M):1000.00,PEAKS DB
186,8244,GPKGDVGPNGQP(+13.98)GPMGPPGLPG,20.6,1995.9471,22,13.8,998.9902,23.81,3368700.0,29,F29:8362,pep14,1,1,sp|P29400|CO4A5_HUMAN,Proline oxidation to pyroglutamic acid,P12:Proline oxidation to pyroglutamic acid:0.00,PEAKS DB
187,8284,STPGAKGEGPDVHMTLPKGDISISGP,20.52,2547.2639,26,-17.8,637.8119,15.38,130900.0,30,F30:4514,pep14,1,1,sp|Q09666|AHNK_HUMAN,,,PEAKS DB
188,8309,PGSPGP(+13.98)AGPTGKQGDRGEAGAQGPM(+15.99)GPSGP,20.48,2701.2148,30,6.2,901.4178,15.95,0.0,30,F30:4765,pep14,0,0,sp|P02458|CO2A1_HUMAN,Proline oxidation to pyroglutamic acid; Oxidation (M),P6:Proline oxidation to pyroglutamic acid:0.00;M25:Oxidation (M):1000.00,PEAKS DB
189,8353,SPGKDGVRGLTGPIGPPGPAGAP(+13.98)GDKGESGPSGP,20.42,3036.49,34,-13.2,1013.1528,27.42,29718000.0,29,F29:10403,pep14,1,1,sp|P02452|CO1A1_HUMAN,Proline oxidation to pyroglutamic acid,P23:Proline oxidation to pyroglutamic acid:0.00,PEAKS DB
190,8362,DVFPLPPPPPPLPSPGQ,20.4,1750.9293,17,1.2,876.473,42.58,0.0,28,F28:19129,pep14,0,0,sp|Q8WX93|PALLD_HUMAN,,,PEAKS DB
191,8437,PGGLTLPPVPFTKL,20.29,1435.8439,14,2.3,718.9308,46.8,2128600.0,30,F30:20915,pep14,2,2,,,,PEAKS DB
192,8455,ELPLDPLPVPTEEGNP,20.25,1715.8617,16,0.1,858.9382,43.37,1607300.0,28,F28:19464,pep14,1,1,,,,PEAKS DB
193,8458,PGPEGPPGP(+13.98)RGQKGDDGIPGP(+13.98)PGP,20.25,2260.0508,24,-8.3,566.0128,19.33,0.0,29,F29:5901,pep14,0,0,sp|P29400|CO4A5_HUMAN,Proline oxidation to pyroglutamic acid,P9:Proline oxidation to pyroglutamic acid:0.00;P21:Proline oxidation to pyroglutamic acid:0.00,PEAKS DB
194,8473,PPPARPPPPPPP,20.22,1215.6764,12,-7.8,608.8408,22.77,16166000.0,28,F28:7831,pep14,1,1,sp|Q70EK9|UBP51_HUMAN,,,PEAKS DB
195,8488,DVKC(+57.02)DMEVSC(+57.02)PDGYTC(+57.02)C(+57.02)RLQSGAWGC(+57.02)C(+57.02)P,20.19,3367.2954,28,-1.6,1123.4373,31.08,0.0,30,F30:12695,pep14,0,0,sp|P28799|GRN_HUMAN,Carbamidomethylation,C4:Carbamidomethylation:1000.00;C10:Carbamidomethylation:1000.00;C16:Carbamidomethylation:1000.00;C17:Carbamidomethylation:1000.00;C26:Carbamidomethylation:1000.00;C27:Carbamidomethylation:1000.00,PEAKS DB
196,8489,VGEPGAMGLP(+13.98)GLEGFP(+13.98)GVKGDRGP,20.19,2321.1108,24,-12.7,774.6976,22.6,1195300.0,29,F29:7750,pep14,1,1,sp|Q14993|COJA1_HUMAN,Proline oxidation to pyroglutamic acid,P10:Proline oxidation to pyroglutamic acid:6.89;P16:Proline oxidation to pyroglutamic acid:10.87,PEAKS DB
197,8507,PGQPGFIGEIGEKGQKGESC(+57.02)LIC(+57.02)DIDGYRGP(+13.98)PGPQGP,20.17,3880.8147,37,-8.6,971.2026,18.89,1316700.0,30,F30:6236,pep14,1,1,sp|P02462|CO4A1_HUMAN,Carbamidomethylation; Proline oxidation to pyroglutamic acid,C20:Carbamidomethylation:1000.00;C23:Carbamidomethylation:1000.00;P31:Proline oxidation to pyroglutamic acid:0.00,PEAKS DB
198,8525,MPGPPGPP(+13.98)GPPGPP,20.14,1264.5909,14,14.9,633.3122,20.24,215690000.0,28,F28:6028,pep14,5,5,sp|P39060|COIA1_HUMAN,Proline oxidation to pyroglutamic acid,P8:Proline oxidation to pyroglutamic acid:18.23,PEAKS DB
199,8535,RHHPAPPPPPPPPPPP,20.13,1683.8997,16,19.5,562.3181,27.36,279830.0,30,F30:10660,pep14,1,1,sp|Q2VWA4|SKOR2_HUMAN,,,PEAKS DB
200,8579,EVVHADQSSC(+57.02)TFDNLSPG,20.08,1961.8425,18,2.3,981.9308,26.94,309410.0,30,F30:10330,pep14,1,1,sp|P02751|FINC_HUMAN,Carbamidomethylation,C10:Carbamidomethylation:1000.00,PEAKS DB
201,8598,PPPPPPPPLPP,20.05,1101.6222,11,1.1,551.819,29.55,23154000.0,28,F28:12410,pep14,2,2,sp|Q9Y6V0|PCLO_HUMAN:sp|Q68DA7|FMN1_HUMAN:sp|Q9BYN7|ZN341_HUMAN:sp|P49750|YLPM1_HUMAN:sp|Q5U5Q3|MEX3C_HUMAN:sp|P85037|FOXK1_HUMAN,,,PEAKS DB
202,8603,GAGEPGKNGAKGEPGP,20.04,1421.6898,16,-14.0,711.8422,30.11,715550.0,28,F28:11927,pep14,1,1,sp|P02461|CO3A1_HUMAN,,,PEAKS DB
203,8704,DESMPDPLPEF,19.88,1275.5328,11,1.3,638.7745,43.97,16011000.0,28,F28:19710,pep14,1,1,sp|P05997|CO5A2_HUMAN,,,PEAKS DB
204,8713,ETVRNGGLIFAGL,19.86,1345.7354,13,-0.2,673.8748,42.71,1072200.0,30,F30:18863,pep14,1,1,sp|P54710|ATNG_HUMAN,,,PEAKS DB
205,8744,PPPPPSRGGPPPPPPP,19.8,1539.8197,16,-0.7,514.2802,29.75,6610200.0,28,F28:11923,pep14,1,1,sp|O00401|WASL_HUMAN,,,PEAKS DB
206,8769,ETVRNGGLIF,19.75,1104.5928,10,2.6,553.3051,33.23,3935100.0,30,F30:13806,pep14,1,1,sp|P54710|ATNG_HUMAN,,,PEAKS DB
207,8771,PGPPGPPGPPSP,19.75,1052.5291,12,-2.2,527.2706,19.95,2479200.0,28,F28:6022,pep14,1,1,sp|Q14031|CO4A6_HUMAN,,,PEAKS DB
208,8775,VP(+13.98)VKLLPPKP,19.74,1100.6957,10,8.5,551.3598,53.04,0.0,30,F30:23694,pep14,0,0,sp|Q96PN7|TREF1_HUMAN,Proline oxidation to pyroglutamic acid,P2:Proline oxidation to pyroglutamic acid:17.91,PEAKS DB
209,8819,GPASPGLPAEASGSGP,19.65,1350.6415,16,-14.4,676.3183,16.18,13835.0,30,F30:4892,pep14,1,1,sp|Q9C0C2|TB182_HUMAN,,,PEAKS DB
210,8833,PGIFPPPPP,19.61,917.501,9,-0.4,459.7576,37.64,2613900.0,28,F28:16143,pep14,1,1,sp|P02814|SMR3B_HUMAN,,,PEAKS DB
211,8841,VRVLVPPIIK,19.6,1132.7695,10,-4.7,567.3894,54.6,358810.0,30,F30:24532,pep14,1,1,sp|Q96RW7|HMCN1_HUMAN,,,PEAKS DB
212,8848,GPPGPPGPPGPPAP(+13.98)V,19.6,1303.656,15,0.4,652.8356,22.39,1930400.0,28,F28:7542,pep14,1,1,sp|Q96A84|EMID1_HUMAN,Proline oxidation to pyroglutamic acid,P14:Proline oxidation to pyroglutamic acid:16.66,PEAKS DB
213,8857,MGPPGDRGFTGKDGAMGPRGPPGP(+13.98)PG,19.58,2476.1375,26,1.4,620.0398,21.91,0.0,29,F29:7353,pep14,0,0,sp|Q99715|COCA1_HUMAN,Proline oxidation to pyroglutamic acid,P24:Proline oxidation to pyroglutamic acid:11.10,PEAKS DB
214,8869,PGGLHPLVIPSVI,19.55,1297.7758,13,-0.9,649.8946,43.83,546270.0,30,F30:19405,pep14,1,1,,,,PEAKS DB
215,8929,M(+42.01)FSSVAHLA,19.46,1003.4797,9,-1.0,502.7466,46.41,2091000.0,28,F28:21113,pep14,1,1,sp|Q00325|MPCP_HUMAN,Acetylation (Protein N-term),M1:Acetylation (Protein N-term):1000.00,PEAKS DB
216,8996,S(+42.01)FTTRSTFSTNY,19.35,1452.6521,12,7.9,727.3359,33.21,688740.0,29,F29:13966,pep14,1,1,,Acetylation (Protein N-term),S1:Acetylation (Protein N-term):1000.00,PEAKS DB
217,8997,LPPPPPPPPPPQLP(+13.98),19.34,1453.7969,14,1.3,485.6068,28.12,10762000.0,28,F28:11011,pep14,1,1,sp|Q96PN7|TREF1_HUMAN,Proline oxidation to pyroglutamic acid,P14:Proline oxidation to pyroglutamic acid:5.08,PEAKS DB
