,Unnamed: 0,Peptide,-10lgP,Mass,Length,ppm,m/z,RT,Area,Fraction,Scan,Source File,#Feature,#Feature Sample 1,Accession,PTM,AScore,Found By
0,87,VEKC(+57.02)C(+57.02)KADDKETC(+57.02)FAEEGKKLV,56.69,2643.2341,22,2.4,661.8174,24.09,31909000.0,204,F204:8690,pep19,6,6,sp|P02768|ALBU_HUMAN,Carbamidomethylation,C4:Carbamidomethylation:1000.00;C5:Carbamidomethylation:1000.00;C13:Carbamidomethylation:1000.00,PEAKS DB
1,199,AAQYDGKGVGLGPGP,53.17,1385.6938,15,2.3,693.8558,24.6,10629000.0,204,F204:8915,pep19,1,1,sp|P08123|CO1A2_HUMAN,,,PEAKS DB
2,304,TRC(+57.02)PDGQFC(+57.02)PVAC(+57.02)C(+57.02)LD,51.1,1954.7794,16,4.7,978.4016,30.12,79978000.0,204,F204:11766,pep19,18,18,sp|P28799|GRN_HUMAN,Carbamidomethylation,C3:Carbamidomethylation:1000.00;C9:Carbamidomethylation:1000.00;C13:Carbamidomethylation:1000.00;C14:Carbamidomethylation:1000.00,PEAKS DB
3,320,VGELRDLSPDDPQVQKAAQ,50.82,2065.0439,19,1.0,689.356,25.65,1448800.0,204,F204:9505,pep19,1,1,sp|Q15828|CYTM_HUMAN,,,PEAKS DB
4,321,LVC(+57.02)DNGSGLVKAGFAGDDAPR,50.81,2118.0164,21,2.7,707.0146,28.38,340580.0,204,F204:10896,pep19,1,1,sp|P68032|ACTC_HUMAN:sp|P68133|ACTS_HUMAN,Carbamidomethylation,C3:Carbamidomethylation:1000.00,PEAKS DB
5,414,TLFGDKLC(+57.02)TVATLR,49.51,1593.8549,14,0.0,797.9347,35.65,1069500000.0,204,F204:15145,pep19,46,46,sp|P02768|ALBU_HUMAN,Carbamidomethylation,C8:Carbamidomethylation:1000.00,PEAKS DB
6,525,AAQYDGKGVGLGPGPM(+15.99)G,48.18,1589.7507,17,3.9,795.8857,23.25,3585600.0,204,F204:8256,pep19,2,2,sp|P08123|CO1A2_HUMAN,Oxidation (M),M16:Oxidation (M):1000.00,PEAKS DB
7,578,D(+42.01)EDETTALVC(+57.02)DNGSGLVKAGFAGDDAPRA,47.5,2992.3354,29,2.8,998.453,36.92,21733000.0,203,F203:16084,pep19,1,1,sp|P68133|ACTS_HUMAN,Acetylation (Protein N-term); Carbamidomethylation,D1:Acetylation (Protein N-term):1000.00;C10:Carbamidomethylation:1000.00,PEAKS DB
8,588,DFGYC(+57.02)DLNYC(+57.02)EEAVEEETGDGLDEDSDRAIE,47.38,3614.4097,31,3.3,1205.8118,40.17,814510000.0,203,F203:17946,pep19,21,21,sp|P00734|THRB_HUMAN,Carbamidomethylation,C5:Carbamidomethylation:1000.00;C10:Carbamidomethylation:1000.00,PEAKS DB
9,639,SGEEGPVDPAEPIREEENEM,46.83,2212.9429,20,1.6,1107.478,31.09,61632000.0,203,F203:12565,pep19,5,5,sp|P12872|MOTI_HUMAN,,,PEAKS DB
10,644,D(+42.01)EDETTALVC(+57.02)DNGSGLVKAGFAGDDAPR,46.76,2921.2983,28,-0.1,1461.6531,36.72,1135700.0,203,F203:15865,pep19,2,2,sp|P68133|ACTS_HUMAN,Acetylation (Protein N-term); Carbamidomethylation,D1:Acetylation (Protein N-term):1000.00;C10:Carbamidomethylation:1000.00,PEAKS DB
11,750,EDIPPADLSDQVPDTESETR,45.62,2212.9971,20,1.9,1107.5055,27.68,89047000.0,203,F203:10630,pep19,25,25,sp|P01024|CO3_HUMAN,,,PEAKS DB
12,889,YC(+57.02)DLNYC(+57.02)EEAVEEETGDGLDEDSDRAIE,44.21,3295.2927,28,16.2,1648.6766,35.31,230030000.0,203,F203:15100,pep19,18,18,sp|P00734|THRB_HUMAN,Carbamidomethylation,C2:Carbamidomethylation:1000.00;C7:Carbamidomethylation:1000.00,PEAKS DB
13,895,D(+42.01)EDETTALVC(+57.02)DNGSGLVKAGFAGDDAPRAVF,44.17,3238.4724,31,-2.1,1620.2366,42.51,0.0,203,F203:19147,pep19,0,0,sp|P68133|ACTS_HUMAN,Acetylation (Protein N-term); Carbamidomethylation,D1:Acetylation (Protein N-term):1000.00;C10:Carbamidomethylation:1000.00,PEAKS DB
14,931,D(+42.01)DDIAALVVDNGSGMC(+57.02)KAGFAGDDAPRAVF,43.88,3095.3965,30,1.8,1032.8057,46.28,32577000.0,203,F203:20868,pep19,12,12,sp|P60709|ACTB_HUMAN,Acetylation (Protein N-term); Carbamidomethylation,D1:Acetylation (Protein N-term):1000.00;C16:Carbamidomethylation:1000.00,PEAKS DB
15,953,LVLHSARPGAPPPQPLDL,43.78,1877.0522,18,-0.3,939.5331,32.72,109830000.0,204,F204:13189,pep19,9,9,sp|P98160|PGBM_HUMAN,,,PEAKS DB
16,1022,D(+42.01)DEETTALVC(+57.02)DNGSGLVKAGFAGDDAPRA,43.2,2992.3354,29,0.6,1497.1726,36.9,1333700.0,203,F203:16003,pep19,1,1,sp|P68032|ACTC_HUMAN,Acetylation (Protein N-term); Carbamidomethylation,D1:Acetylation (Protein N-term):1000.00;C10:Carbamidomethylation:1000.00,PEAKS DB
17,1121,GQQQPPREPPAAPGAWRQQ,42.36,2098.0457,19,1.6,700.3569,22.02,3959600.0,204,F204:7541,pep19,1,1,sp|P28300|LYOX_HUMAN,,,PEAKS DB
18,1141,DEAPGQEQRGPEDQDISI,42.23,1982.8817,18,0.3,992.4462,27.58,26681000.0,203,F203:10525,pep19,5,5,sp|P12838|DEF4_HUMAN,,,PEAKS DB
19,1142,S(+42.01)ETAPAAPAAAPPAEKAPVKK,42.22,2043.1,21,-0.5,682.0403,18.03,87228000.0,204,F204:5668,pep19,12,12,sp|P16403|H12_HUMAN,Acetylation (Protein N-term),S1:Acetylation (Protein N-term):1000.00,PEAKS DB
20,1235,FTLTISRLEPEDF,41.49,1566.793,13,0.7,784.4043,44.21,3995600.0,204,F204:19588,pep19,4,4,sp|P01619|KV320_HUMAN,,,PEAKS DB
21,1242,IGGAPDVATLTGGRFSSGITGC(+57.02)VKN,41.46,2434.2273,25,1.1,812.4172,35.13,5415600.0,204,F204:14623,pep19,2,2,sp|P98160|PGBM_HUMAN,Carbamidomethylation,C22:Carbamidomethylation:1000.00,PEAKS DB
22,1252,E(+42.01)EEIAALVIDNGSGMC(+57.02)KAGFAGDDAPRAVF,41.4,3151.459,30,1.1,1051.4924,50.03,8481200.0,203,F203:22662,pep19,6,6,sp|P63261|ACTG_HUMAN,Acetylation (Protein N-term); Carbamidomethylation,E1:Acetylation (Protein N-term):1000.00;C16:Carbamidomethylation:1000.00,PEAKS DB
23,1280,MALWEEC(+57.02)KPC(+57.02)LK,41.17,1563.7247,12,-0.1,522.2488,31.32,10612000.0,204,F204:12431,pep19,11,11,sp|P10909|CLUS_HUMAN,Carbamidomethylation,C7:Carbamidomethylation:1000.00;C10:Carbamidomethylation:1000.00,PEAKS DB
24,1286,ELEPPEQQEPGERQEPSM,41.14,2108.9319,18,3.3,1055.4744,24.15,296430000.0,203,F203:8628,pep19,4,4,sp|Q13683|ITA7_HUMAN,,,PEAKS DB
25,1287,D(+42.01)DEETTALVC(+57.02)DNGSGLVKAGFAGDDAPRAVF,41.13,3238.4724,31,3.1,1620.2449,42.56,0.0,203,F203:19168,pep19,0,0,sp|P68032|ACTC_HUMAN,Acetylation (Protein N-term); Carbamidomethylation,D1:Acetylation (Protein N-term):1000.00;C10:Carbamidomethylation:1000.00,PEAKS DB
26,1436,FVLKTPSAAY,40.12,1095.5964,10,1.4,548.8063,31.13,1385300.0,204,F204:12354,pep19,4,4,sp|P06396|GELS_HUMAN,,,PEAKS DB
27,1468,REAEDLQVGQVELGGGPGAGSLQPLALEGSLQ,39.96,3174.6155,32,3.6,1059.2139,42.38,10999000.0,203,F203:19126,pep19,2,2,sp|P01308|INS_HUMAN,,,PEAKS DB
28,1481,DFGYC(+57.02)DLNYC(+57.02)EE,39.86,1583.5544,12,3.6,792.7856,33.76,72889000.0,203,F203:14155,pep19,8,8,sp|P00734|THRB_HUMAN,Carbamidomethylation,C5:Carbamidomethylation:1000.00;C10:Carbamidomethylation:1000.00,PEAKS DB
29,1484,SQPPPLPPPPPPAQETQEPSPILDSEETRAAAPQAW,39.86,3825.8848,36,1.4,1276.3011,37.76,661720000.0,203,F203:16748,pep19,14,14,sp|Q16643|DREB_HUMAN,,,PEAKS DB
30,1506,C(+57.02)DDYRLC(+57.02)E,39.72,1129.4169,8,2.2,565.717,21.24,133100000.0,204,F204:7204,pep19,4,4,sp|P08493|MGP_HUMAN,Carbamidomethylation,C1:Carbamidomethylation:1000.00;C7:Carbamidomethylation:1000.00,PEAKS DB
31,1514,S(+42.01)ETAPAETATPAPVEKSPAK,39.67,2023.0109,20,4.8,1012.5154,19.46,43343000.0,203,F203:5812,pep19,14,14,sp|P16401|H15_HUMAN,Acetylation (Protein N-term),S1:Acetylation (Protein N-term):1000.00,PEAKS DB
32,1622,AAQYDGKGVGLGP,38.94,1231.6196,13,0.9,616.8176,23.97,24047000.0,204,F204:8427,pep19,1,1,sp|P08123|CO1A2_HUMAN,,,PEAKS DB
33,1634,PPPQPPPPPPPPPPPPSY,38.87,1851.9558,18,1.9,618.327,27.45,300460000.0,202,F202:8801,pep19,25,25,sp|Q86TG7|PEG10_HUMAN,,,PEAKS DB
34,1639,DFGYC(+57.02)DLNYC(+57.02)E,38.86,1454.5118,11,3.2,728.2639,33.86,77290000.0,203,F203:14285,pep19,9,9,sp|P00734|THRB_HUMAN,Carbamidomethylation,C5:Carbamidomethylation:1000.00;C10:Carbamidomethylation:1000.00,PEAKS DB
35,1668,PDAPPSPPLGAPGLPPAGSPPDSHV,38.67,2326.1592,25,5.0,776.3959,32.88,23310000.0,203,F203:13664,pep19,5,5,sp|P02765|FETUA_HUMAN,,,PEAKS DB
36,1673,FTFHADIC(+57.02)TL,38.65,1223.5645,10,3.7,612.7917,38.65,23190000.0,204,F204:16595,pep19,4,4,sp|P02768|ALBU_HUMAN,Carbamidomethylation,C8:Carbamidomethylation:1000.00,PEAKS DB
37,1687,LAFPGHVFSRSLPEVPETIE,38.55,2224.1528,20,1.6,1113.0854,40.59,1279800000.0,204,F204:17608,pep19,13,13,sp|P98160|PGBM_HUMAN,,,PEAKS DB
38,1748,DQPAASGDSDDDEPPPLPRL,38.21,2090.9392,20,5.4,1046.4802,34.9,11558000.0,203,F203:14844,pep19,10,10,sp|O00264|PGRC1_HUMAN,,,PEAKS DB
39,1763,IAVEWESNGQPENNYKTTPPVLDSDGSF,38.06,3093.4202,28,1.4,1547.7161,39.01,570510000.0,203,F203:17150,pep19,22,22,sp|P01857|IGHG1_HUMAN,,,PEAKS DB
40,1767,DGSPHPDPSAGAKPC(+57.02)GSSSAGKIP,38.02,2276.0491,24,1.3,570.0203,18.79,10398000.0,204,F204:6008,pep19,3,3,sp|Q15517|CDSN_HUMAN,Carbamidomethylation,C15:Carbamidomethylation:1000.00,PEAKS DB
41,1801,LESSPADPATLSEDEARLLL,37.84,2126.0742,20,3.6,1064.0459,44.69,49456000.0,203,F203:20138,pep19,13,13,sp|P01258|CALC_HUMAN:sp|P06881|CALCA_HUMAN,,,PEAKS DB
42,1828,AGPMEEPPQAQAPPRGPGSPAEDL,37.7,2398.1223,24,-3.8,1200.0613,28.85,31651000.0,203,F203:11284,pep19,4,4,sp|Q16643|DREB_HUMAN,,,PEAKS DB
43,1839,FVLKTPSAAYL,37.65,1208.6804,11,1.7,605.3485,37.9,76621000.0,204,F204:16057,pep19,8,8,sp|P06396|GELS_HUMAN,,,PEAKS DB
44,1865,SDYSNEKPFTGFE,37.52,1519.6466,13,0.0,760.8306,31.61,207140.0,204,F204:12624,pep19,1,1,sp|O00187|MASP2_HUMAN,,,PEAKS DB
45,1868,LVLHSARPGAPPPQPLDLQHRAQAGA,37.51,2696.4622,26,5.1,675.1262,25.23,780960.0,204,F204:9252,pep19,1,1,sp|P98160|PGBM_HUMAN,,,PEAKS DB
46,1956,M(+15.99)GVVSLGSPSGEVSHPRKT,37.03,1939.9785,19,2.4,647.6683,21.02,5546700.0,204,F204:7085,pep19,3,3,sp|P02765|FETUA_HUMAN,Oxidation (M),M1:Oxidation (M):1000.00,PEAKS DB
47,2000,MGVVSLGSPSGEVSHP,36.82,1538.7399,16,6.0,770.3818,29.56,187260.0,204,F204:11564,pep19,1,1,sp|P02765|FETUA_HUMAN,,,PEAKS DB
48,2003,LFQEQEEPEPGMEEAGEMEQKQ,36.81,2592.0996,22,2.5,865.0408,29.97,4544600.0,203,F203:11945,pep19,2,2,sp|Q13519|PNOC_HUMAN,,,PEAKS DB
49,2009,VGPPGPPGPPGPPGPPSA,36.77,1530.783,18,2.1,766.4004,26.27,111160000.0,202,F202:8174,pep19,14,14,sp|P02452|CO1A1_HUMAN,,,PEAKS DB
50,2038,DEAPGQEQRGPEDQDISIS,36.59,2069.9138,19,2.1,1035.9641,23.97,2675700.0,203,F203:8408,pep19,1,1,sp|P12838|DEF4_HUMAN,,,PEAKS DB
51,2045,VDISQDNALRDEM,36.57,1504.6827,13,2.7,753.3507,29.56,286400.0,204,F204:11502,pep19,1,1,sp|Q9H299|SH3L3_HUMAN,,,PEAKS DB
52,2107,ESSPADPATLSEDEARLLL,36.17,2012.9901,19,-2.8,1007.4973,43.9,6335000.0,203,F203:19818,pep19,5,5,sp|P01258|CALC_HUMAN:sp|P06881|CALCA_HUMAN,,,PEAKS DB
53,2126,FDLGDAVVDGENDDPRPPN,36.07,2040.9023,19,5.5,1021.4618,34.14,1818800.0,203,F203:14431,pep19,1,1,sp|P14209|CD99_HUMAN,,,PEAKS DB
54,2139,KYIC(+57.02)ENQDSISSKL,36.02,1683.8137,14,3.0,562.2802,25.5,416210.0,204,F204:9418,pep19,1,1,sp|P02768|ALBU_HUMAN,Carbamidomethylation,C4:Carbamidomethylation:1000.00,PEAKS DB
55,2143,AAIVGYKDSPSVW,35.99,1391.7085,13,-0.1,696.8615,33.93,1697400.0,204,F204:14004,pep19,1,1,sp|P07737|PROF1_HUMAN,,,PEAKS DB
56,2145,AGDDFDLGDAVVDGENDDPRPPNPPKPMPNPNPNHP,35.97,3816.7073,36,-6.9,955.1776,32.46,0.0,204,F204:13160,pep19,0,0,sp|P14209|CD99_HUMAN,,,PEAKS DB
57,2159,AAVQPVIGISQR,35.83,1237.7142,12,4.0,619.8669,26.74,976670.0,204,F204:10065,pep19,2,2,sp|Q96FE7|P3IP1_HUMAN,,,PEAKS DB
58,2193,A(+42.01)ASAAAASAAAASAASGSPGPGEGSAGGEKRSTAPSAA,35.67,3169.4871,38,3.6,1057.5044,28.21,18271000.0,203,F203:10979,pep19,5,5,sp|Q13263|TIF1B_HUMAN,Acetylation (Protein N-term),A1:Acetylation (Protein N-term):1000.00,PEAKS DB
59,2288,EIENKAIQDPRL,35.26,1424.7623,12,0.6,713.3889,24.99,3679500.0,204,F204:9153,pep19,5,5,sp|P01833|PIGR_HUMAN,,,PEAKS DB
60,2323,SVYIGGAPDVATLTGGRF,35.11,1779.9155,18,3.3,890.968,41.8,373210.0,204,F204:18268,pep19,1,1,sp|P98160|PGBM_HUMAN,,,PEAKS DB
61,2329,MPPPLPPPPPPPPPAHP,35.08,1731.917,17,1.6,578.3126,28.85,22002000.0,203,F203:11344,pep19,13,13,sp|Q9UPS6|SET1B_HUMAN,,,PEAKS DB
62,2330,LDNC(+57.02)PFHDQPHLK,35.07,1619.7515,13,0.0,405.9452,22.64,1078200.0,204,F204:7884,pep19,1,1,sp|P01034|CYTC_HUMAN,Carbamidomethylation,C4:Carbamidomethylation:1000.00,PEAKS DB
63,2350,FSDPC(+57.02)KDPTRITSPNDPC(+57.02)LTGKGDSSG,35.01,2908.2966,27,2.6,728.0833,24.3,7208900.0,204,F204:8800,pep19,6,6,sp|Q15517|CDSN_HUMAN,Carbamidomethylation,C5:Carbamidomethylation:1000.00;C18:Carbamidomethylation:1000.00,PEAKS DB
64,2454,FQARVPERAPLPPPAPSQFQARMPDSGP,34.46,3043.5449,28,-0.3,761.8933,31.57,0.0,204,F204:12640,pep19,0,0,sp|O15240|VGF_HUMAN,,,PEAKS DB
65,2484,LSEPNQTENDALEPEDLSQAAEQDEMRLELQ,34.31,3541.6001,31,1.9,1181.5403,41.12,5429400.0,203,F203:18438,pep19,2,2,sp|P61278|SMS_HUMAN,,,PEAKS DB
66,2504,LEVRTSTASGL,34.17,1132.6088,11,3.8,567.3138,24.48,127160.0,204,F204:8919,pep19,1,1,sp|P98160|PGBM_HUMAN,,,PEAKS DB
67,2514,FGDKLC(+57.02)TVAT,34.11,1110.538,10,0.6,556.2766,24.76,317820.0,204,F204:9053,pep19,2,2,sp|P02768|ALBU_HUMAN,Carbamidomethylation,C6:Carbamidomethylation:1000.00,PEAKS DB
68,2522,FDSDAASPRGEPRAPWVEQEGPEYWDRE,34.07,3275.4543,28,1.5,819.8721,34.59,5623900.0,204,F204:14242,pep19,1,1,sp|P10321|HLAC_HUMAN,,,PEAKS DB
69,2573,LKNVQLTDAGTYK,33.76,1449.7827,13,1.1,484.2687,22.66,707460.0,204,F204:7920,pep19,2,2,sp|Q7Z7D3|VTCN1_HUMAN,,,PEAKS DB
70,2583,VAWKADSSPVKAGVE,33.72,1542.8042,15,1.5,772.4105,23.97,495820.0,204,F204:8653,pep19,1,1,sp|P0DOY3|IGLC3_HUMAN:sp|P0DOY2|IGLC2_HUMAN,,,PEAKS DB
71,2625,D(+42.01)EDETTALVC(+57.02)DNGSGLVK,33.45,1963.868,18,0.4,982.9417,33.24,15736000.0,202,F202:12121,pep19,5,5,sp|P68133|ACTS_HUMAN,Acetylation (Protein N-term); Carbamidomethylation,D1:Acetylation (Protein N-term):1000.00;C10:Carbamidomethylation:1000.00,PEAKS DB
72,2650,GFVPPPPPPPYGPGRIPPPPPAPYGP,33.26,2614.3735,26,1.3,872.4644,37.86,295100000.0,203,F203:16555,pep19,10,10,sp|P02814|SMR3B_HUMAN,,,PEAKS DB
73,2657,FVEKC(+57.02)C(+57.02)KADDKETC(+57.02)FAEEGKK,33.21,2578.1501,21,2.8,645.5466,15.94,2789000.0,204,F204:4791,pep19,1,1,sp|P02768|ALBU_HUMAN,Carbamidomethylation,C5:Carbamidomethylation:1000.00;C6:Carbamidomethylation:1000.00;C14:Carbamidomethylation:1000.00,PEAKS DB
74,2697,EVQVFAPANALPARSEAAAVQPVIGISQ,32.97,2832.5132,28,1.4,945.1776,40.01,12069000.0,203,F203:17831,pep19,4,4,sp|Q96FE7|P3IP1_HUMAN,,,PEAKS DB
75,2709,SLTSDLQAQSKGNPEQTPVLKPEEEAPAPEVGASKPEG,32.91,3914.9385,38,3.7,979.7455,29.36,1199900.0,204,F204:11429,pep19,2,2,sp|P04004|VTNC_HUMAN,,,PEAKS DB
76,2728,C(+57.02)AWGQPQC(+57.02)P,32.84,1102.4324,9,4.7,552.2249,24.17,64752000.0,203,F203:8536,pep19,14,14,sp|Q9Y6C2|EMIL1_HUMAN,Carbamidomethylation,C1:Carbamidomethylation:1000.00;C8:Carbamidomethylation:1000.00,PEAKS DB
77,2744,EHAVEGDC(+57.02)DFQLLKLDGKF,32.78,2220.052,19,2.0,556.0214,39.66,1514700.0,204,F204:17168,pep19,2,2,sp|P02765|FETUA_HUMAN,Carbamidomethylation,C8:Carbamidomethylation:1000.00,PEAKS DB
78,2777,SGSSGPGSTGNRNPGSSGTGGTATWKPGSSGP,32.6,2846.2815,32,3.0,949.7706,20.95,1038300.0,204,F204:7104,pep19,1,1,sp|P02671|FIBA_HUMAN,,,PEAKS DB
79,2779,M(+15.99)(+42.01)MC(+57.02)GAPSATQPATAETQHIADQVRSQLEEKEN,32.6,3585.6133,32,-2.5,1196.2087,37.88,3744500.0,204,F204:16128,pep19,3,3,sp|P04080|CYTB_HUMAN,Oxidation (M); Acetylation (Protein N-term); Carbamidomethylation,M1:Oxidation (M):12.28;M1:Acetylation (Protein N-term):1000.00;C3:Carbamidomethylation:1000.00,PEAKS DB
80,2843,DLELSHLC(+57.02)EYD,32.31,1392.5867,11,1.1,697.3014,33.91,876410.0,204,F204:13977,pep19,1,1,sp|O00187|MASP2_HUMAN,Carbamidomethylation,C8:Carbamidomethylation:1000.00,PEAKS DB
81,2848,IKLTAPLEIGM,32.28,1184.6838,11,3.4,593.3512,41.39,15669000.0,204,F204:18225,pep19,4,4,sp|P12872|MOTI_HUMAN,,,PEAKS DB
82,2880,VEEQYEEEEEAQEEAAEVHE,32.09,2404.9666,20,0.3,1203.4883,26.73,1113000.0,203,F203:10072,pep19,1,1,sp|P45378|TNNT3_HUMAN,,,PEAKS DB
83,2962,PINDGEWHRVTA,31.76,1393.6738,12,1.2,465.5658,24.36,1674800.0,204,F204:8863,pep19,1,1,sp|P98160|PGBM_HUMAN,,,PEAKS DB
84,2979,A(+42.01)ATGTAAAAATGRLL,31.7,1356.7361,15,-2.7,679.3735,37.73,12527000.0,202,F202:14657,pep19,7,7,sp|Q06481|APLP2_HUMAN,Acetylation (Protein N-term),A1:Acetylation (Protein N-term):1000.00,PEAKS DB
85,3015,TFHADIC(+57.02)TLS,31.54,1163.5281,10,3.0,582.7731,29.26,1055300.0,204,F204:11437,pep19,1,1,sp|P02768|ALBU_HUMAN,Carbamidomethylation,C7:Carbamidomethylation:1000.00,PEAKS DB
86,3197,EVQVFAPANALPARSEAAAVQP,30.82,2235.1648,22,1.0,1118.5884,35.15,2950300.0,203,F203:15046,pep19,1,1,sp|Q96FE7|P3IP1_HUMAN,,,PEAKS DB
87,3214,SSAAGEGTLARAQPPAPQSPPAPQSPPAGT,30.69,2795.3838,30,4.7,932.8042,23.62,2077300.0,203,F203:8227,pep19,2,2,sp|Q14767|LTBP2_HUMAN,,,PEAKS DB
88,3217,SLGEC(+57.02)C(+57.02)DVEDSTTC(+57.02)FNAKGPL,30.67,2358.9766,21,-0.1,1180.4955,32.78,234380.0,204,F204:13329,pep19,1,1,sp|P02774|VTDB_HUMAN,Carbamidomethylation,C5:Carbamidomethylation:1000.00;C6:Carbamidomethylation:1000.00;C14:Carbamidomethylation:1000.00,PEAKS DB
89,3218,FGDKLC(+57.02)TV,30.67,938.4531,8,0.0,470.2339,25.73,23321.0,204,F204:9566,pep19,1,1,sp|P02768|ALBU_HUMAN,Carbamidomethylation,C6:Carbamidomethylation:1000.00,PEAKS DB
90,3220,VC(+57.02)DNGSGLVKAGFAGDDAPRAVFPSIVGRP,30.67,3028.5188,30,-2.8,758.1349,38.25,3085000.0,204,F204:16268,pep19,1,1,sp|P68032|ACTC_HUMAN:sp|P68133|ACTS_HUMAN,Carbamidomethylation,C2:Carbamidomethylation:1000.00,PEAKS DB
91,3292,SC(+57.02)DTPPPC(+57.02)PRC(+57.02)PAPELL,30.32,1965.8746,17,-3.7,983.9409,31.86,1004800.0,204,F204:12945,pep19,1,1,sp|P01860|IGHG3_HUMAN,Carbamidomethylation,C2:Carbamidomethylation:1000.00;C8:Carbamidomethylation:1000.00;C11:Carbamidomethylation:1000.00,PEAKS DB
92,3311,VGELRDLSPDDPQVQKAAQAA,30.2,2207.1182,21,1.9,736.7147,27.99,823990.0,204,F204:10697,pep19,1,1,sp|Q15828|CYTM_HUMAN,,,PEAKS DB
93,3334,AKGSVYIGGAPDVATLTGGRF,30.07,2036.069,21,1.4,679.6979,39.21,1063300.0,204,F204:16887,pep19,1,1,sp|P98160|PGBM_HUMAN,,,PEAKS DB
94,3336,M(+42.01)EAAHAKTTEEC(+57.02)LAYFGVSETTGLTPDQV,30.07,3197.4534,29,1.4,1066.8242,43.16,3734000.0,203,F203:19401,pep19,1,1,sp|O14983|AT2A1_HUMAN,Acetylation (Protein N-term); Carbamidomethylation,M1:Acetylation (Protein N-term):1000.00;C12:Carbamidomethylation:1000.00,PEAKS DB
95,3371,FRSDYSNEKPFTGFEAF,29.88,2040.9216,17,1.2,681.3153,40.34,7402500.0,204,F204:17489,pep19,1,1,sp|O00187|MASP2_HUMAN,,,PEAKS DB
96,3393,HYDESMPDPLPE,29.78,1428.5867,12,5.3,715.3028,32.14,2806500.0,203,F203:13281,pep19,4,4,sp|P05997|CO5A2_HUMAN,,,PEAKS DB
97,3417,VVETDYDQYALL,29.68,1427.682,12,2.5,714.8485,40.0,8937600.0,203,F203:17750,pep19,4,4,sp|P41222|PTGDS_HUMAN,,,PEAKS DB
98,3479,VERVPFDAATLHTSTA,29.42,1713.8685,16,3.0,572.2985,28.99,481740.0,204,F204:11223,pep19,1,1,sp|P06396|GELS_HUMAN,,,PEAKS DB
99,3526,M(+42.01)MNNSGYSDAGLGLGDETDEMPSTEKDLAEDAPWK,29.23,3815.6123,35,-1.1,1272.8738,42.72,1591000.0,203,F203:19249,pep19,1,1,,Acetylation (Protein N-term),M1:Acetylation (Protein N-term):1000.00,PEAKS DB
100,3538,FEVTKTAVAHRPGAF,29.19,1629.8627,15,2.4,544.2961,24.62,731550.0,204,F204:8920,pep19,1,1,sp|Q969H8|MYDGF_HUMAN,,,PEAKS DB
101,3544,FHADIC(+57.02)TL,29.16,975.4484,8,1.6,488.7322,31.1,10681000.0,204,F204:12263,pep19,4,4,sp|P02768|ALBU_HUMAN,Carbamidomethylation,C6:Carbamidomethylation:1000.00,PEAKS DB
102,3591,WEEC(+57.02)KPC(+57.02)L,28.89,1120.4681,8,3.5,561.2433,27.03,579400.0,204,F204:10206,pep19,1,1,sp|P10909|CLUS_HUMAN,Carbamidomethylation,C4:Carbamidomethylation:1000.00;C7:Carbamidomethylation:1000.00,PEAKS DB
103,3799,M(+15.99)(+42.01)EAAHAKTTEEC(+57.02)LAYFGVSETTGLTPDQVK,28.04,3341.5432,30,0.2,1114.8552,38.37,3575200.0,204,F204:16335,pep19,1,1,sp|O14983|AT2A1_HUMAN,Oxidation (M); Acetylation (Protein N-term); Carbamidomethylation,M1:Oxidation (M):1000.00;M1:Acetylation (Protein N-term):1000.00;C12:Carbamidomethylation:1000.00,PEAKS DB
104,3877,AEDLQVGQVELGGGPGAGSLQ,27.68,1980.9752,21,0.5,991.4954,35.67,1083600.0,202,F202:13453,pep19,1,1,sp|P01308|INS_HUMAN,,,PEAKS DB
105,3896,DVELPTNKDVC(+57.02)DPGNTKVMDKYTFE,27.63,2914.3364,25,0.7,729.5919,32.07,1679400.0,204,F204:12868,pep19,1,1,sp|P02774|VTDB_HUMAN,Carbamidomethylation,C11:Carbamidomethylation:1000.00,PEAKS DB
106,3908,IKLTAPLEIGMRMNS,27.59,1672.9004,15,0.7,558.6411,38.39,14155000.0,204,F204:16329,pep19,2,2,sp|P12872|MOTI_HUMAN,,,PEAKS DB
107,4012,DKLC(+57.02)TVATL,27.18,1019.5321,9,3.2,510.775,28.66,0.0,204,F204:11059,pep19,0,0,sp|P02768|ALBU_HUMAN,Carbamidomethylation,C4:Carbamidomethylation:1000.00,PEAKS DB
108,4041,AAVQPVIGISQ,27.07,1081.6132,11,3.0,541.8143,29.1,66703000.0,203,F203:11498,pep19,7,7,sp|Q96FE7|P3IP1_HUMAN,,,PEAKS DB
109,4071,VC(+57.02)DNGSGLVKAGFAGDDAPRAVF,26.93,2322.1062,23,0.7,775.0432,35.6,8681300.0,204,F204:14791,pep19,2,2,sp|P68032|ACTC_HUMAN:sp|P68133|ACTS_HUMAN,Carbamidomethylation,C2:Carbamidomethylation:1000.00,PEAKS DB
110,4107,SIGTFSDPC(+57.02)KDPTRITSPNDPC(+57.02)LTGKGDSSGFSSYSGSSSSGSSISSA,26.79,4832.1299,48,2.1,1209.0422,30.78,5912700.0,204,F204:12146,pep19,1,1,sp|Q15517|CDSN_HUMAN,Carbamidomethylation,C9:Carbamidomethylation:1000.00;C22:Carbamidomethylation:1000.00,PEAKS DB
111,4123,LLPPPLLPPPPPPANARLAAAADPPGGP,26.74,2673.5005,28,4.2,892.1759,41.0,4645800.0,203,F203:18279,pep19,2,2,sp|O95450|ATS2_HUMAN,,,PEAKS DB
112,4152,AGKQLEDGRTLSDYNIQKESTL,26.65,2465.2397,22,1.3,617.318,27.98,1454100.0,204,F204:10663,pep19,1,1,sp|P62987|RL40_HUMAN:sp|P62979|RS27A_HUMAN:sp|P0CG47|UBB_HUMAN:sp|P0CG48|UBC_HUMAN,,,PEAKS DB
113,4235,GRLASPGFPGEY,26.26,1249.6091,12,1.9,625.813,30.09,0.0,204,F204:11820,pep19,0,0,sp|O00187|MASP2_HUMAN,,,PEAKS DB
114,4247,VPGP(+13.98)PGPPGPPGPPGT,26.23,1390.688,16,2.1,696.3527,23.63,76626000.0,202,F202:6810,pep19,3,3,sp|P39060|COIA1_HUMAN,Proline oxidation to pyroglutamic acid,P4:Proline oxidation to pyroglutamic acid:0.00,PEAKS DB
115,4306,RDPC(+57.02)DPNPC(+57.02)QNDGIC(+57.02)VNVKG,26.02,2313.9888,20,0.2,772.337,24.16,577710.0,204,F204:8699,pep19,1,1,sp|Q16819|MEP1A_HUMAN,Carbamidomethylation,C4:Carbamidomethylation:1000.00;C9:Carbamidomethylation:1000.00;C15:Carbamidomethylation:1000.00,PEAKS DB
116,4307,FVEKC(+57.02)C(+57.02)KADDKETC(+57.02)FAEEGKKL,26.02,2691.2341,22,-1.1,673.8151,21.47,2512700.0,204,F204:7368,pep19,1,1,sp|P02768|ALBU_HUMAN,Carbamidomethylation,C5:Carbamidomethylation:1000.00;C6:Carbamidomethylation:1000.00;C14:Carbamidomethylation:1000.00,PEAKS DB
117,4356,VTLSQPKIVKWDRDM(+15.99),25.84,1830.9662,15,-0.4,458.7487,27.41,335110.0,204,F204:10390,pep19,1,1,sp|P61769|B2MG_HUMAN,Oxidation (M),M15:Oxidation (M):1000.00,PEAKS DB
118,4386,ERPQIGGTIKQPPSNPPPRPPAEA,25.74,2533.3401,24,3.4,634.3445,21.97,562750.0,204,F204:7585,pep19,1,1,sp|P13498|CY24A_HUMAN,,,PEAKS DB
119,4407,LVC(+57.02)DNGSGLVKAGFAGDDAPRAVF,25.69,2435.1902,24,0.9,812.738,36.94,6884600.0,204,F204:15537,pep19,1,1,sp|P68032|ACTC_HUMAN:sp|P68133|ACTS_HUMAN,Carbamidomethylation,C3:Carbamidomethylation:1000.00,PEAKS DB
120,4413,AAQYDGKGVGLGPG,25.67,1288.6411,14,-0.3,645.3276,22.72,338190.0,204,F204:7957,pep19,1,1,sp|P08123|CO1A2_HUMAN,,,PEAKS DB
121,4420,VLDLGPITR,25.65,982.5811,9,-0.3,492.2977,32.59,12918000.0,204,F204:13178,pep19,2,2,sp|P55259|GP2_HUMAN,,,PEAKS DB
122,4444,PGPAGSRGDGGP(+13.98)PGMTGFP(+13.98)GAAGRTGPPGPSGISGPPGP,25.58,3406.5747,39,-2.0,852.6492,15.32,975940.0,204,F204:4506,pep19,1,1,sp|P08123|CO1A2_HUMAN,Proline oxidation to pyroglutamic acid,P12:Proline oxidation to pyroglutamic acid:0.00;P19:Proline oxidation to pyroglutamic acid:0.00,PEAKS DB
123,4487,SEGHPSHPPAEDREEAGSPTLPQGPPVPGDPWPGAPPL,25.44,3858.8237,38,0.8,965.714,39.01,4667600.0,204,F204:16716,pep19,1,1,sp|Q9UIG4|PS1C2_HUMAN,,,PEAKS DB
124,4502,DFEQEMATAASSSSLEKSYELPDGQVITIGNE,25.39,3445.5718,32,-0.3,1149.5283,44.83,8031500.0,203,F203:20274,pep19,2,2,sp|P60709|ACTB_HUMAN:sp|P63261|ACTG_HUMAN,,,PEAKS DB
125,4513,YNIQKESTLHLVLR,25.37,1712.9573,14,0.7,571.9934,30.47,243600.0,204,F204:12024,pep19,1,1,sp|P62987|RL40_HUMAN:sp|P62979|RS27A_HUMAN:sp|P0CG47|UBB_HUMAN:sp|P0CG48|UBC_HUMAN,,,PEAKS DB
126,4523,FVC(+57.02)ETASATC(+57.02)PVVHKDG,25.35,1876.8447,17,1.5,626.6231,20.46,436840.0,204,F204:6880,pep19,2,2,,Carbamidomethylation,C3:Carbamidomethylation:1000.00;C10:Carbamidomethylation:1000.00,PEAKS DB
127,4561,VPPPPPPPYGPGRIPPPPPAPYGPG,25.22,2467.3052,25,3.2,617.8342,33.26,20783000.0,203,F203:13903,pep19,3,3,sp|P02814|SMR3B_HUMAN,,,PEAKS DB
128,4620,RSDYSNEKPFTGFEA,25.02,1746.7849,15,5.0,583.2719,30.17,1152600.0,204,F204:11840,pep19,1,1,sp|O00187|MASP2_HUMAN,,,PEAKS DB
129,4626,ATLGGEELEPAPSLPRPLP,24.99,1943.0363,19,0.9,972.5242,38.39,230010.0,203,F203:16927,pep19,1,1,sp|Q8IUL8|CILP2_HUMAN,,,PEAKS DB
130,4647,VLPVPPGFPPGPQIPVPRPPVE,24.93,2285.2935,22,1.0,762.7708,43.2,0.0,203,F203:19450,pep19,0,0,sp|P35555|FBN1_HUMAN,,,PEAKS DB
131,4710,FRQIC(+57.02)PY,24.79,982.4694,7,1.9,492.2429,25.73,50559.0,204,F204:9556,pep19,1,1,sp|P35555|FBN1_HUMAN,Carbamidomethylation,C5:Carbamidomethylation:1000.00,PEAKS DB
132,4729,ADDRADLAKYIC(+57.02)E,24.73,1538.7035,13,3.6,513.9103,30.49,197930.0,204,F204:11987,pep19,1,1,sp|P02768|ALBU_HUMAN,Carbamidomethylation,C12:Carbamidomethylation:1000.00,PEAKS DB
133,4764,EIVLTQSPGTL,24.6,1156.6339,11,1.0,579.3248,35.59,67331000.0,202,F202:13337,pep19,6,6,sp|P01619|KV320_HUMAN,,,PEAKS DB
134,4790,YYIRGATTTF,24.48,1191.5924,10,2.6,596.8051,29.71,47194.0,204,F204:11631,pep19,1,1,sp|Q07507|DERM_HUMAN,,,PEAKS DB
135,4805,A(+42.01)AGVEAAAEVAATE,24.41,1300.6146,14,0.2,651.3147,37.29,1838300.0,202,F202:14420,pep19,1,1,sp|P52272|HNRPM_HUMAN,Acetylation (Protein N-term),A1:Acetylation (Protein N-term):1000.00,PEAKS DB
136,4808,S(+42.01)DEEVEQVEEQYEEEEEAQEEAAEVHE,24.41,3263.2908,27,-3.9,1088.7666,38.67,71025.0,202,F202:15259,pep19,1,1,sp|P45378|TNNT3_HUMAN,Acetylation (Protein N-term),S1:Acetylation (Protein N-term):1000.00,PEAKS DB
137,4907,NC(+57.02)VSSGGQC(+57.02)LYSAC(+57.02)PIF,24.12,1918.8011,17,-0.8,960.405,39.41,0.0,203,F203:17495,pep19,0,0,sp|P60022|DEFB1_HUMAN,Carbamidomethylation,C2:Carbamidomethylation:1000.00;C9:Carbamidomethylation:1000.00;C14:Carbamidomethylation:1000.00,PEAKS DB
138,4911,TC(+57.02)P(+13.98)DGHC(+57.02)D,24.11,974.2858,8,-15.2,488.1417,19.74,0.0,203,F203:6026,pep19,0,0,,Carbamidomethylation; Proline oxidation to pyroglutamic acid,C2:Carbamidomethylation:1000.00;P3:Proline oxidation to pyroglutamic acid:1000.00;C7:Carbamidomethylation:1000.00,PEAKS DB
139,4979,A(+42.01)ELQEVQITEEKPLLPGQTPEAAKEAELAA,23.9,3244.6714,30,2.8,1082.5651,39.79,4094800.0,203,F203:17657,pep19,1,1,,Acetylation (Protein N-term),A1:Acetylation (Protein N-term):1000.00,PEAKS DB
140,4983,S(+42.01)EEQFGGDGAAAAATAAVGGSAGEQEGAMVAATQG,23.88,3165.3792,35,1.0,1583.6985,36.17,0.0,202,F202:13808,pep19,0,0,,Acetylation (Protein N-term),S1:Acetylation (Protein N-term):1000.00,PEAKS DB
141,5014,PGSFKGMKGDP(+13.98)GLP(+13.98)GLDGITGPQGAPGFPGAVGPAGP,23.77,3385.6399,37,5.5,847.4219,28.74,112980.0,204,F204:11120,pep19,1,1,sp|Q14031|CO4A6_HUMAN,Proline oxidation to pyroglutamic acid,P11:Proline oxidation to pyroglutamic acid:0.00;P14:Proline oxidation to pyroglutamic acid:0.00,PEAKS DB
142,5032,PPPPPPPPPPPPSY,23.72,1432.739,14,3.6,717.3793,25.65,659340.0,202,F202:7793,pep19,1,1,sp|Q86TG7|PEG10_HUMAN,,,PEAKS DB
143,5034,GPSGP(+13.98)GC(+57.02)KGEPGLDGRRGVDGVPGSPGP,23.71,2629.2302,28,-10.8,1315.6053,26.13,749010.0,203,F203:9686,pep19,1,1,sp|P53420|CO4A4_HUMAN,Proline oxidation to pyroglutamic acid; Carbamidomethylation,P5:Proline oxidation to pyroglutamic acid:3.38;C7:Carbamidomethylation:1000.00,PEAKS DB
144,5048,PPPPPPPPPPGPPPPPGLP,23.65,1797.9817,19,10.3,600.3407,32.33,7510700.0,202,F202:11570,pep19,1,1,sp|O00401|WASL_HUMAN,,,PEAKS DB
145,5071,AREQWPQC(+57.02)PTIKE,23.57,1641.7933,13,0.3,548.2719,25.49,154820.0,204,F204:9443,pep19,1,1,sp|P07858|CATB_HUMAN,Carbamidomethylation,C8:Carbamidomethylation:1000.00,PEAKS DB
146,5074,HADIC(+57.02)TLSEKERQI,23.56,1698.8359,14,1.0,567.2865,23.46,238200.0,204,F204:8349,pep19,1,1,sp|P02768|ALBU_HUMAN,Carbamidomethylation,C5:Carbamidomethylation:1000.00,PEAKS DB
147,5138,FSKDWSF,23.41,915.4127,7,0.6,458.7139,35.07,8159900.0,204,F204:14594,pep19,1,1,sp|P61769|B2MG_HUMAN,,,PEAKS DB
148,5163,PGEAGRP(+13.98)GLP(+13.98)GPVGLPGFC(+57.02)EP,23.31,2087.9734,21,4.5,1044.9963,19.31,2892700.0,203,F203:5718,pep19,1,1,,Proline oxidation to pyroglutamic acid; Carbamidomethylation,P7:Proline oxidation to pyroglutamic acid:10.19;P10:Proline oxidation to pyroglutamic acid:14.04;C19:Carbamidomethylation:1000.00,PEAKS DB
149,5166,DTRDQADGSRASVDSGSSEEQGGSSRALVSTLVPL,23.3,3533.6829,35,3.8,884.4313,38.95,2000400.0,204,F204:16743,pep19,1,1,sp|P01833|PIGR_HUMAN,,,PEAKS DB
150,5222,LVC(+57.02)DNGSGLVKAGFAGDDAPRAVFPSIVGRP,23.13,3141.6028,31,-0.6,786.4075,38.88,4086600.0,204,F204:16879,pep19,1,1,sp|P68032|ACTC_HUMAN:sp|P68133|ACTS_HUMAN,Carbamidomethylation,C3:Carbamidomethylation:1000.00,PEAKS DB
151,5236,MPFSPYEPLNF,23.09,1340.6111,11,7.9,671.3167,47.02,344650.0,203,F203:21276,pep19,1,1,sp|P10909|CLUS_HUMAN,,,PEAKS DB
152,5257,GMPGLPGP(+13.98)AGTPGKVGPTGATGDKGPPGPVGPPGSNGPVGEPGPEGPAG,23.03,4248.0542,49,-11.6,1063.0085,26.57,569230.0,204,F204:9985,pep19,1,1,sp|P05997|CO5A2_HUMAN,Proline oxidation to pyroglutamic acid,P8:Proline oxidation to pyroglutamic acid:0.00,PEAKS DB
153,5299,AQVKPLGPQLADPEVFLPQGELLDSP,22.91,2757.4587,26,-1.4,920.1569,46.17,2489700.0,203,F203:20815,pep19,1,1,sp|Q15517|CDSN_HUMAN,,,PEAKS DB
154,5301,PPVPIPPPPPPPP,22.9,1297.7434,13,1.8,649.8801,32.17,72455000.0,202,F202:11564,pep19,9,9,sp|P49750|YLPM1_HUMAN,,,PEAKS DB
155,5317,LWEEC(+57.02)KPC(+57.02)L,22.86,1233.5522,9,2.8,617.7852,31.13,315920.0,204,F204:12360,pep19,1,1,sp|P10909|CLUS_HUMAN,Carbamidomethylation,C5:Carbamidomethylation:1000.00;C8:Carbamidomethylation:1000.00,PEAKS DB
156,5338,LSSHIANVERVPFDAATLHTSTA,22.8,2436.2397,23,-0.1,610.0671,31.72,797730.0,204,F204:12721,pep19,2,2,sp|P06396|GELS_HUMAN,,,PEAKS DB
157,5370,IKLTAPLEIGMRM,22.71,1471.8254,13,1.2,491.6163,40.69,1183800.0,204,F204:17763,pep19,1,1,sp|P12872|MOTI_HUMAN,,,PEAKS DB
158,5385,GERGEQGAPGPSGFQGLP(+13.98)GPPGP,22.64,2159.0032,23,10.3,720.6808,20.31,540370.0,203,F203:6284,pep19,1,1,sp|P02458|CO2A1_HUMAN,Proline oxidation to pyroglutamic acid,P18:Proline oxidation to pyroglutamic acid:9.75,PEAKS DB
159,5485,GVGSEGRRGKKGERGFP(+13.98)GYPGP(+13.98)KGNPGEPGLNGTTGP,22.36,3648.7781,37,2.9,913.2044,25.74,0.0,204,F204:9562,pep19,0,0,sp|P12111|CO6A3_HUMAN,Proline oxidation to pyroglutamic acid,P17:Proline oxidation to pyroglutamic acid:0.00;P22:Proline oxidation to pyroglutamic acid:11.10,PEAKS DB
160,5495,PPPPPPPPPPPPPPLPPP,22.33,1780.9915,18,1.9,594.6722,33.97,21591000.0,202,F202:12395,pep19,3,3,sp|Q9Y6V0|PCLO_HUMAN,,,PEAKS DB
161,5508,M(+15.99)(+42.01)EAAHAKTTEEC(+57.02)LAYFGVSETTGLTPDQV,22.3,3213.4482,29,0.9,1072.1553,41.68,1086200.0,203,F203:18780,pep19,1,1,sp|O14983|AT2A1_HUMAN,Oxidation (M); Acetylation (Protein N-term); Carbamidomethylation,M1:Oxidation (M):1000.00;M1:Acetylation (Protein N-term):1000.00;C12:Carbamidomethylation:1000.00,PEAKS DB
162,5513,PPPPPPPPPPPPPPPPLPP,22.29,1878.0442,19,0.7,627.0225,34.34,932560.0,202,F202:12698,pep19,1,1,sp|Q9Y6V0|PCLO_HUMAN,,,PEAKS DB
163,5526,GNPEQTPVLKPEEEAPAPE,22.26,2030.9796,19,2.4,1016.4973,25.0,1938400.0,203,F203:9083,pep19,1,1,sp|P04004|VTNC_HUMAN,,,PEAKS DB
164,5536,RQGPPGPPGPPGPPS,22.23,1393.7102,15,-5.8,697.8583,21.9,56621000.0,202,F202:6009,pep19,1,1,sp|P39060|COIA1_HUMAN,,,PEAKS DB
165,5537,NSAGSGASSPLTSPSSP(+13.98)TPPSTSGISALPPPPPPPPP,22.22,3401.6626,37,-10.9,851.4136,30.9,543700.0,204,F204:12229,pep19,1,1,sp|Q7Z7A4|PXK_HUMAN,Proline oxidation to pyroglutamic acid,P17:Proline oxidation to pyroglutamic acid:0.00,PEAKS DB
166,5560,ALWEEC(+57.02)KPC(+57.02)LK,22.16,1432.6843,11,1.6,478.5695,27.95,192400.0,204,F204:10640,pep19,1,1,sp|P10909|CLUS_HUMAN,Carbamidomethylation,C6:Carbamidomethylation:1000.00;C9:Carbamidomethylation:1000.00,PEAKS DB
167,5562,ERGRPGP(+13.98)AGPPGPPGP,22.15,1508.7483,16,13.5,755.39,21.77,79091.0,203,F203:7188,pep19,1,1,sp|Q14031|CO4A6_HUMAN,Proline oxidation to pyroglutamic acid,P7:Proline oxidation to pyroglutamic acid:0.00,PEAKS DB
168,5595,LPPPLPPPPPPPPP,22.07,1408.8118,14,0.2,705.4133,33.07,10232000.0,202,F202:12217,pep19,2,2,sp|Q86VE0|MYPOP_HUMAN,,,PEAKS DB
169,5606,MGPQGPQGPPQGLPRPQDM(+15.99)HGPQGMQRHPGPHGPLGPQGPPGP,22.06,4374.0859,43,-5.2,1094.5231,26.49,0.0,204,F204:9932,pep19,0,0,sp|Q9C0J8|WDR33_HUMAN,Oxidation (M),M19:Oxidation (M):0.00,PEAKS DB
170,5618,ELAPEAPEPPEEPRLGVL,22.04,1942.0046,18,1.3,972.0087,38.86,1080900.0,203,F203:17123,pep19,1,1,sp|P22105|TENX_HUMAN,,,PEAKS DB
171,5647,IANVERVPFDAATL,21.95,1514.8092,14,1.7,758.4131,37.65,145350.0,204,F204:16019,pep19,1,1,sp|P06396|GELS_HUMAN,,,PEAKS DB
172,5675,MPIPPPPP,21.88,844.4517,8,-2.9,423.231,25.99,20093000.0,203,F203:10553,pep19,2,2,sp|Q8TF74|WIPF2_HUMAN,,,PEAKS DB
173,5676,MPLPPPPP,21.88,844.4517,8,-2.9,423.231,25.99,20093000.0,203,F203:10553,pep19,2,2,,,,PEAKS DB
174,5687,LWEEC(+57.02)KPC(+57.02)LK,21.85,1361.6472,10,0.5,454.8899,24.76,68610.0,204,F204:9064,pep19,1,1,sp|P10909|CLUS_HUMAN,Carbamidomethylation,C5:Carbamidomethylation:1000.00;C8:Carbamidomethylation:1000.00,PEAKS DB
175,5696,PGLPGEKGQRGDFGHVGQPGPPGEDGERGAEGPPGPTGQAGEPGP,21.83,4283.0015,45,-18.4,1071.7356,23.08,1798000.0,203,F203:7928,pep19,2,2,sp|P25940|CO5A3_HUMAN,,,PEAKS DB
176,5783,QVQGGVAQL,21.62,898.4872,9,2.4,450.2509,25.1,880610.0,203,F203:9044,pep19,1,1,sp|Q8WVN6|SCTM1_HUMAN,,,PEAKS DB
177,5792,DVQNVAAAPELAMGALEL,21.61,1810.9135,18,-2.4,906.4598,48.77,2500400.0,203,F203:22050,pep19,1,1,sp|O00391|QSOX1_HUMAN,,,PEAKS DB
178,5851,GMPGLPGPKGDRGPAGVP(+13.98)GLLGDRGEPGEDGEPGEQGP,21.5,3619.696,38,2.2,905.9333,24.62,887050.0,204,F204:8929,pep19,1,1,sp|P25067|CO8A2_HUMAN,Proline oxidation to pyroglutamic acid,P18:Proline oxidation to pyroglutamic acid:0.00,PEAKS DB
179,5923,VC(+57.02)LLNNFYPRE,21.33,1423.6918,11,1.3,712.8541,37.82,1529200.0,204,F204:16035,pep19,2,2,sp|P01834|IGKC_HUMAN,Carbamidomethylation,C2:Carbamidomethylation:1000.00,PEAKS DB
180,5949,PQPQPPLPPPPPPPPP,21.27,1648.8976,16,-1.1,825.4552,29.12,2588200.0,202,F202:9701,pep19,1,1,sp|Q96PN7|TREF1_HUMAN,,,PEAKS DB
181,5973,M(+15.99)ALWEEC(+57.02)KPC(+57.02)L,21.23,1451.6248,11,1.9,726.821,33.91,346520.0,204,F204:13996,pep19,1,1,sp|P10909|CLUS_HUMAN,Oxidation (M); Carbamidomethylation,M1:Oxidation (M):1000.00;C7:Carbamidomethylation:1000.00;C10:Carbamidomethylation:1000.00,PEAKS DB
182,5989,VQLAGAPEPFEPAQPDAY,21.18,1898.9049,18,-2.1,950.4578,37.55,1627000.0,202,F202:14535,pep19,1,1,,,,PEAKS DB
183,6011,LREPQATVVFT,21.14,1259.6874,11,2.5,630.8525,30.55,230830.0,204,F204:12052,pep19,1,1,sp|O15230|LAMA5_HUMAN,,,PEAKS DB
184,6030,WPEPVFGRLA,21.1,1170.6185,10,2.5,586.318,41.8,28861000.0,204,F204:18504,pep19,2,2,sp|O00187|MASP2_HUMAN,,,PEAKS DB
185,6056,S(+42.01)FLKSFPPP,21.01,1060.5593,9,2.3,531.287,43.76,15728000.0,203,F203:19694,pep19,2,2,,Acetylation (Protein N-term),S1:Acetylation (Protein N-term):1000.00,PEAKS DB
186,6136,PPPPPP(+13.98)PPPPP,20.81,1099.5702,11,-0.2,550.7922,23.49,2471600.0,202,F202:6850,pep19,1,1,sp|O15054|KDM6B_HUMAN:sp|Q70E73|RAPH1_HUMAN:sp|Q96PY5|FMNL2_HUMAN:sp|Q9Y6V0|PCLO_HUMAN:sp|Q9NP73|ALG13_HUMAN:sp|Q96T25|ZIC5_HUMAN:sp|Q7L0R7|RNF44_HUMAN:sp|Q86UP3|ZFHX4_HUMAN:sp|O00401|WASL_HUMAN:sp|P17483|HXB4_HUMAN:sp|O60610|DIAP1_HUMAN:sp|Q9ULL5|PRR12_HUMAN:sp|C9JLR9|CK095_HUMAN:sp|Q86TG7|PEG10_HUMAN:sp|Q6P5Q4|LMOD2_HUMAN:sp|Q15032|R3HD1_HUMAN:sp|O15047|SET1A_HUMAN:sp|P46379|BAG6_HUMAN:sp|P42768|WASP_HUMAN:sp|Q5U5Q3|MEX3C_HUMAN:sp|Q9NSV4|DIAP3_HUMAN:sp|Q70EK9|UBP51_HUMAN,Proline oxidation to pyroglutamic acid,P6:Proline oxidation to pyroglutamic acid:0.00,PEAKS DB
187,6181,PLNPLNLIPF,20.72,1136.6593,10,3.2,569.3375,54.65,331310.0,203,F203:24828,pep19,1,1,,,,PEAKS DB
188,6219,TYETTLEKC(+57.02)C(+57.02)AAADPHEC(+57.02)YAK,20.63,2517.061,21,3.4,630.2747,23.95,182530.0,204,F204:8664,pep19,1,1,sp|P02768|ALBU_HUMAN,Carbamidomethylation,C9:Carbamidomethylation:1000.00;C10:Carbamidomethylation:1000.00;C18:Carbamidomethylation:1000.00,PEAKS DB
189,6221,GPSGLAGKP(+13.98)GVPGERGLPGAHGPPGPTGP,20.62,2584.3145,29,-19.9,862.4264,27.15,569350.0,203,F203:10317,pep19,1,1,sp|P25067|CO8A2_HUMAN,Proline oxidation to pyroglutamic acid,P9:Proline oxidation to pyroglutamic acid:0.00,PEAKS DB
190,6228,LLYHTENNVGLK,20.6,1399.746,12,0.8,467.5896,23.87,0.0,204,F204:8592,pep19,0,0,sp|O75954|TSN9_HUMAN,,,PEAKS DB
191,6233,AGVPIPRSPYTVTVGQA,20.59,1711.9257,17,-1.5,856.9688,33.03,266510.0,204,F204:13486,pep19,1,1,sp|P21333|FLNA_HUMAN,,,PEAKS DB
192,6248,GPAGPP(+13.98)GQTGPPGPAGPPGSKGDRGQTGEKGPAGP,20.57,3101.4915,35,-7.3,776.3745,17.2,70265.0,204,F204:5300,pep19,1,1,sp|Q96A83|COQA1_HUMAN,Proline oxidation to pyroglutamic acid,P6:Proline oxidation to pyroglutamic acid:12.28,PEAKS DB
193,6279,VTLSQPKIVKWDRDM,20.51,1814.9713,15,2.2,454.7511,30.42,539410.0,204,F204:11935,pep19,1,1,sp|P61769|B2MG_HUMAN,,,PEAKS DB
194,6321,GPAGNTGAPGSPGVSGPKGDAGQPGEKGSPGAQGPPGAPGP,20.42,3473.6558,41,14.5,869.4338,20.84,515600.0,204,F204:7018,pep19,1,1,sp|P02461|CO3A1_HUMAN,,,PEAKS DB
195,6357,PQELRGP(+13.98)PGSQSQQGPPQGSLGPPPQGGMQGP,20.37,3161.4949,32,-18.5,791.3646,18.78,0.0,203,F203:5518,pep19,0,0,sp|Q9C0J8|WDR33_HUMAN,Proline oxidation to pyroglutamic acid,P7:Proline oxidation to pyroglutamic acid:0.00,PEAKS DB
196,6367,PGEPGVSGPMGPRGPPGPPGKPGDDGE,20.34,2494.1545,27,-6.7,624.5403,21.04,1034100.0,203,F203:6754,pep19,1,1,sp|P02458|CO2A1_HUMAN,,,PEAKS DB
197,6369,PGMPGMPGKPGAMGMPGAKGEIGQKGEIGPMGIPGP,20.34,3385.6477,36,-11.8,847.4092,17.57,0.0,204,F204:5469,pep19,0,0,sp|P27658|CO8A1_HUMAN,,,PEAKS DB
198,6400,ILPPPPPPPPPPPP,20.27,1408.8118,14,2.5,470.6124,33.35,968280.0,202,F202:12064,pep19,1,1,,,,PEAKS DB
199,6420,PGSQGAPGLQGMPGERGAAGLP(+13.98)GP(+13.98)KGDRGDAGP,20.22,3039.4216,33,18.5,760.8768,21.37,0.0,204,F204:7321,pep19,0,0,sp|P02452|CO1A1_HUMAN,Proline oxidation to pyroglutamic acid,P22:Proline oxidation to pyroglutamic acid:10.23;P24:Proline oxidation to pyroglutamic acid:12.36,PEAKS DB
200,6434,TPPQQPPPPP,20.2,1054.5447,10,8.5,528.283,22.7,30465000.0,203,F203:7315,pep19,1,1,sp|O15047|SET1A_HUMAN,,,PEAKS DB
201,6476,VTVKSFDTSL,20.12,1095.5812,10,-0.2,548.7977,31.52,1841400.0,204,F204:12613,pep19,1,1,sp|O75787|RENR_HUMAN,,,PEAKS DB
202,6507,VEVPDVELEC(+57.02)PDAKL,20.06,1711.8337,15,0.8,856.923,36.56,258960.0,203,F203:15819,pep19,1,1,sp|Q09666|AHNK_HUMAN,Carbamidomethylation,C10:Carbamidomethylation:1000.00,PEAKS DB
